Culture,Saison,Mois_Debut,Mois_Fin,Jour,Temperature_Air_°C,Temperature_Sol_°C,Humidite_Air_%,Humidite_Sol_%,Capteur_Humidite_Sol_ADC,Seuil_Sol_Sec_%,Seuil_Sol_Humide_%,Etat_Sol,Pompe_Active,Decision_Irrigation,Recommandation_Irrigation,Justification,Besoin_Eau_mm_jour,Duree_Pompage_min,Frequence_Irrigation_jour
Tomate,Hiver,12,2,1,10.6,7.7,84.6,75.0,1025,70,85,Optimal,0,لا - لا حاجة للسقي,NON - Sol optimal / لا - التربة مثالية,Humidité optimale (70% ≤ 75.0% ≤ 85%) - Pas d'irrigation,3.5,15,3
Tomate,Hiver,12,2,2,9.1,7.8,71.2,81.7,751,70,85,Optimal,0,لا - لا حاجة للسقي,NON - Sol optimal / لا - التربة مثالية,Humidité optimale (70% ≤ 81.7% ≤ 85%) - Pas d'irrigation,3.5,15,3
Tomate,Hiver,12,2,3,12.2,9.8,70.4,84.2,645,70,85,Optimal,0,لا - لا حاجة للسقي,NON - Sol optimal / لا - التربة مثالية,Humidité optimale (70% ≤ 84.2% ≤ 85%) - Pas d'irrigation,3.5,15,3
Tomate,Hiver,12,2,4,13.8,12.4,73.6,64.6,1450,70,85,Sec,1,نعم - يجب السقي,OUI - Irrigation NÉCESSAIRE / نعم - الري ضروري,Sol sec (64.6% < 70%) - Activation irrigation requise,3.5,15,3
Tomate,Hiver,12,2,5,10.1,8.1,78.6,67.3,1339,70,85,Sec,1,نعم - يجب السقي,OUI - Irrigation NÉCESSAIRE / نعم - الري ضروري,Sol sec (67.3% < 70%) - Activation irrigation requise,3.5,15,3
Tomate,Hiver,12,2,6,12.3,11.0,75.8,69.2,1262,70,85,Sec,1,نعم - يجب السقي,OUI - Irrigation NÉCESSAIRE / نعم - الري ضروري,Sol sec (69.2% < 70%) - Activation irrigation requise,3.5,15,3
Tomate,Hiver,12,2,7,11.2,8.6,74.0,72.9,1111,70,85,Optimal,0,لا - لا حاجة للسقي,NON - Sol optimal / لا - التربة مثالية,Humidité optimale (70% ≤ 72.9% ≤ 85%) - Pas d'irrigation,3.5,15,3
Tomate,Hiver,12,2,8,12.1,11.1,82.2,64.3,1463,70,85,Sec,1,نعم - يجب السقي,OUI - Irrigation NÉCESSAIRE / نعم - الري ضروري,Sol sec (64.3% < 70%) - Activation irrigation requise,3.5,15,3
Tomate,Hiver,12,2,9,8.5,5.6,89.3,80.2,810,70,85,Optimal,0,لا - لا حاجة للسقي,NON - Sol optimal / لا - التربة مثالية,Humidité optimale (70% ≤ 80.2% ≤ 85%) - Pas d'irrigation,3.5,15,3
Tomate,Hiver,12,2,10,10.1,8.9,83.7,71.0,1187,70,85,Optimal,0,لا - لا حاجة للسقي,NON - Sol optimal / لا - التربة مثالية,Humidité optimale (70% ≤ 71.0% ≤ 85%) - Pas d'irrigation,3.5,15,3
Tomate,Hiver,12,2,11,8.9,6.9,70.7,82.7,707,70,85,Optimal,0,لا - لا حاجة للسقي,NON - Sol optimal / لا - التربة مثالية,Humidité optimale (70% ≤ 82.7% ≤ 85%) - Pas d'irrigation,3.5,15,3
Tomate,Hiver,12,2,12,9.8,7.5,76.2,73.0,1105,70,85,Optimal,0,لا - لا حاجة للسقي,NON - Sol optimal / لا - التربة مثالية,Humidité optimale (70% ≤ 73.0% ≤ 85%) - Pas d'irrigation,3.5,15,3
Tomate,Hiver,12,2,13,11.8,10.5,89.4,79.4,844,70,85,Optimal,0,لا - لا حاجة للسقي,NON - Sol optimal / لا - التربة مثالية,Humidité optimale (70% ≤ 79.4% ≤ 85%) - Pas d'irrigation,3.5,15,3
Tomate,Hiver,12,2,14,14.6,11.8,82.0,83.0,694,70,85,Optimal,0,لا - لا حاجة للسقي,NON - Sol optimal / لا - التربة مثالية,Humidité optimale (70% ≤ 83.0% ≤ 85%) - Pas d'irrigation,3.5,15,3
Tomate,Hiver,12,2,15,8.6,7.2,70.9,68.1,1304,70,85,Sec,1,نعم - يجب السقي,OUI - Irrigation NÉCESSAIRE / نعم - الري ضروري,Sol sec (68.1% < 70%) - Activation irrigation requise,3.5,15,3
Tomate,Hiver,12,2,16,10.7,9.2,86.6,68.9,1272,70,85,Sec,1,نعم - يجب السقي,OUI - Irrigation NÉCESSAIRE / نعم - الري ضروري,Sol sec (68.9% < 70%) - Activation irrigation requise,3.5,15,3
Tomate,Hiver,12,2,17,10.0,7.9,72.8,80.1,816,70,85,Optimal,0,لا - لا حاجة للسقي,NON - Sol optimal / لا - التربة مثالية,Humidité optimale (70% ≤ 80.1% ≤ 85%) - Pas d'irrigation,3.5,15,3
Tomate,Hiver,12,2,18,8.5,5.5,85.4,65.0,1434,70,85,Sec,1,نعم - يجب السقي,OUI - Irrigation NÉCESSAIRE / نعم - الري ضروري,Sol sec (65.0% < 70%) - Activation irrigation requise,3.5,15,3
Tomate,Hiver,12,2,19,8.0,5.4,84.1,78.2,891,70,85,Optimal,0,لا - لا حاجة للسقي,NON - Sol optimal / لا - التربة مثالية,Humidité optimale (70% ≤ 78.2% ≤ 85%) - Pas d'irrigation,3.5,15,3
Tomate,Hiver,12,2,20,13.4,12.3,77.2,62.9,1519,70,85,Sec,1,نعم - يجب السقي,OUI - Irrigation NÉCESSAIRE / نعم - الري ضروري,Sol sec (62.9% < 70%) - Activation irrigation requise,3.5,15,3
Tomate,Hiver,12,2,21,14.0,11.8,76.6,61.6,1572,70,85,Sec,1,نعم - يجب السقي,OUI - Irrigation NÉCESSAIRE / نعم - الري ضروري,Sol sec (61.6% < 70%) - Activation irrigation requise,3.5,15,3
Tomate,Hiver,12,2,22,10.2,8.5,84.6,75.9,985,70,85,Optimal,0,لا - لا حاجة للسقي,NON - Sol optimal / لا - التربة مثالية,Humidité optimale (70% ≤ 75.9% ≤ 85%) - Pas d'irrigation,3.5,15,3
Tomate,Hiver,12,2,23,14.2,12.3,72.4,77.8,907,70,85,Optimal,0,لا - لا حاجة للسقي,NON - Sol optimal / لا - التربة مثالية,Humidité optimale (70% ≤ 77.8% ≤ 85%) - Pas d'irrigation,3.5,15,3
Tomate,Hiver,12,2,24,13.3,11.2,85.4,72.3,1132,70,85,Optimal,0,لا - لا حاجة للسقي,NON - Sol optimal / لا - التربة مثالية,Humidité optimale (70% ≤ 72.3% ≤ 85%) - Pas d'irrigation,3.5,15,3
Tomate,Hiver,12,2,25,11.7,9.8,70.5,62.7,1527,70,85,Sec,1,نعم - يجب السقي,OUI - Irrigation NÉCESSAIRE / نعم - الري ضروري,Sol sec (62.7% < 70%) - Activation irrigation requise,3.5,15,3
Tomate,Hiver,12,2,26,8.2,5.9,76.3,72.7,1117,70,85,Optimal,0,لا - لا حاجة للسقي,NON - Sol optimal / لا - التربة مثالية,Humidité optimale (70% ≤ 72.7% ≤ 85%) - Pas d'irrigation,3.5,15,3
Tomate,Hiver,12,2,27,14.4,12.9,78.2,78.9,864,70,85,Optimal,0,لا - لا حاجة للسقي,NON - Sol optimal / لا - التربة مثالية,Humidité optimale (70% ≤ 78.9% ≤ 85%) - Pas d'irrigation,3.5,15,3
Tomate,Hiver,12,2,28,9.6,8.4,75.8,64.0,1472,70,85,Sec,1,نعم - يجب السقي,OUI - Irrigation NÉCESSAIRE / نعم - الري ضروري,Sol sec (64.0% < 70%) - Activation irrigation requise,3.5,15,3
Tomate,Hiver,12,2,29,14.5,11.9,82.7,81.8,745,70,85,Optimal,0,لا - لا حاجة للسقي,NON - Sol optimal / لا - التربة مثالية,Humidité optimale (70% ≤ 81.8% ≤ 85%) - Pas d'irrigation,3.5,15,3
Tomate,Hiver,12,2,30,13.6,12.3,87.9,73.5,1085,70,85,Optimal,0,لا - لا حاجة للسقي,NON - Sol optimal / لا - التربة مثالية,Humidité optimale (70% ≤ 73.5% ≤ 85%) - Pas d'irrigation,3.5,15,3
Tomate,Printemps,3,5,1,20.1,17.3,66.4,52.8,1934,70,85,Sec,1,نعم - يجب السقي,OUI - Irrigation NÉCESSAIRE / نعم - الري ضروري,Sol sec (52.8% < 70%) - Activation irrigation requise,3.5,15,3
Tomate,Printemps,3,5,2,14.3,12.4,76.4,71.5,1166,70,85,Optimal,0,لا - لا حاجة للسقي,NON - Sol optimal / لا - التربة مثالية,Humidité optimale (70% ≤ 71.5% ≤ 85%) - Pas d'irrigation,3.5,15,3
Tomate,Printemps,3,5,3,12.1,10.0,68.3,55.6,1820,70,85,Sec,1,نعم - يجب السقي,OUI - Irrigation NÉCESSAIRE / نعم - الري ضروري,Sol sec (55.6% < 70%) - Activation irrigation requise,3.5,15,3
Tomate,Printemps,3,5,4,13.2,11.5,78.9,58.1,1716,70,85,Sec,1,نعم - يجب السقي,OUI - Irrigation NÉCESSAIRE / نعم - الري ضروري,Sol sec (58.1% < 70%) - Activation irrigation requise,3.5,15,3
Tomate,Printemps,3,5,5,17.2,14.8,67.3,74.3,1052,70,85,Optimal,0,لا - لا حاجة للسقي,NON - Sol optimal / لا - التربة مثالية,Humidité optimale (70% ≤ 74.3% ≤ 85%) - Pas d'irrigation,3.5,15,3
Tomate,Printemps,3,5,6,21.6,20.1,69.9,57.5,1739,70,85,Sec,1,نعم - يجب السقي,OUI - Irrigation NÉCESSAIRE / نعم - الري ضروري,Sol sec (57.5% < 70%) - Activation irrigation requise,3.5,15,3
Tomate,Printemps,3,5,7,14.8,13.8,72.2,62.6,1532,70,85,Sec,1,نعم - يجب السقي,OUI - Irrigation NÉCESSAIRE / نعم - الري ضروري,Sol sec (62.6% < 70%) - Activation irrigation requise,3.5,15,3
Tomate,Printemps,3,5,8,12.5,11.0,78.2,56.0,1802,70,85,Sec,1,نعم - يجب السقي,OUI - Irrigation NÉCESSAIRE / نعم - الري ضروري,Sol sec (56.0% < 70%) - Activation irrigation requise,3.5,15,3
Tomate,Printemps,3,5,9,13.4,11.5,79.7,56.1,1799,70,85,Sec,1,نعم - يجب السقي,OUI - Irrigation NÉCESSAIRE / نعم - الري ضروري,Sol sec (56.1% < 70%) - Activation irrigation requise,3.5,15,3
Tomate,Printemps,3,5,10,18.7,16.2,64.8,68.2,1301,70,85,Sec,1,نعم - يجب السقي,OUI - Irrigation NÉCESSAIRE / نعم - الري ضروري,Sol sec (68.2% < 70%) - Activation irrigation requise,3.5,15,3
Tomate,Printemps,3,5,11,15.7,13.4,72.7,63.4,1499,70,85,Sec,1,نعم - يجب السقي,OUI - Irrigation NÉCESSAIRE / نعم - الري ضروري,Sol sec (63.4% < 70%) - Activation irrigation requise,3.5,15,3
Tomate,Printemps,3,5,12,12.9,10.2,66.4,54.7,1856,70,85,Sec,1,نعم - يجب السقي,OUI - Irrigation NÉCESSAIRE / نعم - الري ضروري,Sol sec (54.7% < 70%) - Activation irrigation requise,3.5,15,3
Tomate,Printemps,3,5,13,12.4,10.2,73.6,50.4,2030,70,85,Sec,1,نعم - يجب السقي,OUI - Irrigation NÉCESSAIRE / نعم - الري ضروري,Sol sec (50.4% < 70%) - Activation irrigation requise,3.5,15,3
Tomate,Printemps,3,5,14,17.1,15.7,72.9,54.4,1868,70,85,Sec,1,نعم - يجب السقي,OUI - Irrigation NÉCESSAIRE / نعم - الري ضروري,Sol sec (54.4% < 70%) - Activation irrigation requise,3.5,15,3
Tomate,Printemps,3,5,15,18.9,17.1,78.7,53.4,1906,70,85,Sec,1,نعم - يجب السقي,OUI - Irrigation NÉCESSAIRE / نعم - الري ضروري,Sol sec (53.4% < 70%) - Activation irrigation requise,3.5,15,3
Tomate,Printemps,3,5,16,15.4,14.2,78.5,71.9,1149,70,85,Optimal,0,لا - لا حاجة للسقي,NON - Sol optimal / لا - التربة مثالية,Humidité optimale (70% ≤ 71.9% ≤ 85%) - Pas d'irrigation,3.5,15,3
Tomate,Printemps,3,5,17,14.6,12.3,76.3,63.9,1479,70,85,Sec,1,نعم - يجب السقي,OUI - Irrigation NÉCESSAIRE / نعم - الري ضروري,Sol sec (63.9% < 70%) - Activation irrigation requise,3.5,15,3
Tomate,Printemps,3,5,18,17.3,15.8,61.9,72.4,1128,70,85,Optimal,0,لا - لا حاجة للسقي,NON - Sol optimal / لا - التربة مثالية,Humidité optimale (70% ≤ 72.4% ≤ 85%) - Pas d'irrigation,3.5,15,3
Tomate,Printemps,3,5,19,21.0,18.7,66.8,58.7,1689,70,85,Sec,1,نعم - يجب السقي,OUI - Irrigation NÉCESSAIRE / نعم - الري ضروري,Sol sec (58.7% < 70%) - Activation irrigation requise,3.5,15,3
Tomate,Printemps,3,5,20,19.3,16.5,77.7,69.5,1249,70,85,Sec,1,نعم - يجب السقي,OUI - Irrigation NÉCESSAIRE / نعم - الري ضروري,Sol sec (69.5% < 70%) - Activation irrigation requise,3.5,15,3
Tomate,Printemps,3,5,21,18.4,17.3,63.2,72.5,1127,70,85,Optimal,0,لا - لا حاجة للسقي,NON - Sol optimal / لا - التربة مثالية,Humidité optimale (70% ≤ 72.5% ≤ 85%) - Pas d'irrigation,3.5,15,3
Tomate,Printemps,3,5,22,18.1,17.0,62.0,66.6,1368,70,85,Sec,1,نعم - يجب السقي,OUI - Irrigation NÉCESSAIRE / نعم - الري ضروري,Sol sec (66.6% < 70%) - Activation irrigation requise,3.5,15,3
Tomate,Printemps,3,5,23,12.1,10.7,71.0,67.3,1339,70,85,Sec,1,نعم - يجب السقي,OUI - Irrigation NÉCESSAIRE / نعم - الري ضروري,Sol sec (67.3% < 70%) - Activation irrigation requise,3.5,15,3
Tomate,Printemps,3,5,24,18.5,17.1,74.2,55.9,1804,70,85,Sec,1,نعم - يجب السقي,OUI - Irrigation NÉCESSAIRE / نعم - الري ضروري,Sol sec (55.9% < 70%) - Activation irrigation requise,3.5,15,3
Tomate,Printemps,3,5,25,15.3,12.8,73.0,71.2,1178,70,85,Optimal,0,لا - لا حاجة للسقي,NON - Sol optimal / لا - التربة مثالية,Humidité optimale (70% ≤ 71.2% ≤ 85%) - Pas d'irrigation,3.5,15,3
Tomate,Printemps,3,5,26,18.6,16.4,61.9,59.2,1671,70,85,Sec,1,نعم - يجب السقي,OUI - Irrigation NÉCESSAIRE / نعم - الري ضروري,Sol sec (59.2% < 70%) - Activation irrigation requise,3.5,15,3
Tomate,Printemps,3,5,27,14.7,13.2,79.5,59.8,1645,70,85,Sec,1,نعم - يجب السقي,OUI - Irrigation NÉCESSAIRE / نعم - الري ضروري,Sol sec (59.8% < 70%) - Activation irrigation requise,3.5,15,3
Tomate,Printemps,3,5,28,20.9,18.7,75.9,62.6,1532,70,85,Sec,1,نعم - يجب السقي,OUI - Irrigation NÉCESSAIRE / نعم - الري ضروري,Sol sec (62.6% < 70%) - Activation irrigation requise,3.5,15,3
Tomate,Printemps,3,5,29,17.8,15.8,63.9,68.1,1307,70,85,Sec,1,نعم - يجب السقي,OUI - Irrigation NÉCESSAIRE / نعم - الري ضروري,Sol sec (68.1% < 70%) - Activation irrigation requise,3.5,15,3
Tomate,Printemps,3,5,30,14.8,13.8,72.9,54.4,1866,70,85,Sec,1,نعم - يجب السقي,OUI - Irrigation NÉCESSAIRE / نعم - الري ضروري,Sol sec (54.4% < 70%) - Activation irrigation requise,3.5,15,3
Tomate,Été,6,8,1,34.2,31.3,67.4,46.1,2207,70,85,Sec,1,نعم - يجب السقي,OUI - Irrigation NÉCESSAIRE / نعم - الري ضروري,Sol sec (46.1% < 70%) - Activation irrigation requise,5.5,25,2
Tomate,Été,6,8,2,22.2,19.3,52.8,64.0,1474,70,85,Sec,1,نعم - يجب السقي,OUI - Irrigation NÉCESSAIRE / نعم - الري ضروري,Sol sec (64.0% < 70%) - Activation irrigation requise,5.5,25,2
Tomate,Été,6,8,3,34.5,31.8,48.8,46.6,2188,70,85,Sec,1,نعم - يجب السقي,OUI - Irrigation NÉCESSAIRE / نعم - الري ضروري,Sol sec (46.6% < 70%) - Activation irrigation requise,5.5,25,2
Tomate,Été,6,8,4,33.1,31.4,45.1,51.7,1977,70,85,Sec,1,نعم - يجب السقي,OUI - Irrigation NÉCESSAIRE / نعم - الري ضروري,Sol sec (51.7% < 70%) - Activation irrigation requise,5.5,25,2
Tomate,Été,6,8,5,34.2,31.8,57.1,37.9,2542,70,85,Sec,1,نعم - يجب السقي,OUI - Irrigation NÉCESSAIRE / نعم - الري ضروري,Sol sec (37.9% < 70%) - Activation irrigation requise,5.5,25,2
Tomate,Été,6,8,6,30.0,27.0,44.2,50.5,2024,70,85,Sec,1,نعم - يجب السقي,OUI - Irrigation NÉCESSAIRE / نعم - الري ضروري,Sol sec (50.5% < 70%) - Activation irrigation requise,5.5,25,2
Tomate,Été,6,8,7,33.4,30.9,60.9,56.1,1798,70,85,Sec,1,نعم - يجب السقي,OUI - Irrigation NÉCESSAIRE / نعم - الري ضروري,Sol sec (56.1% < 70%) - Activation irrigation requise,5.5,25,2
Tomate,Été,6,8,8,26.7,25.1,64.3,59.3,1666,70,85,Sec,1,نعم - يجب السقي,OUI - Irrigation NÉCESSAIRE / نعم - الري ضروري,Sol sec (59.3% < 70%) - Activation irrigation requise,5.5,25,2
Tomate,Été,6,8,9,33.3,30.4,55.3,50.0,2045,70,85,Sec,1,نعم - يجب السقي,OUI - Irrigation NÉCESSAIRE / نعم - الري ضروري,Sol sec (50.0% < 70%) - Activation irrigation requise,5.5,25,2
Tomate,Été,6,8,10,32.4,30.1,61.1,58.9,1684,70,85,Sec,1,نعم - يجب السقي,OUI - Irrigation NÉCESSAIRE / نعم - الري ضروري,Sol sec (58.9% < 70%) - Activation irrigation requise,5.5,25,2
Tomate,Été,6,8,11,33.6,31.9,51.3,37.8,2546,70,85,Sec,1,نعم - يجب السقي,OUI - Irrigation NÉCESSAIRE / نعم - الري ضروري,Sol sec (37.8% < 70%) - Activation irrigation requise,5.5,25,2
Tomate,Été,6,8,12,29.5,28.4,54.0,51.3,1995,70,85,Sec,1,نعم - يجب السقي,OUI - Irrigation NÉCESSAIRE / نعم - الري ضروري,Sol sec (51.3% < 70%) - Activation irrigation requise,5.5,25,2
Tomate,Été,6,8,13,25.7,23.5,40.9,36.1,2615,70,85,Sec,1,نعم - يجب السقي,OUI - Irrigation NÉCESSAIRE / نعم - الري ضروري,Sol sec (36.1% < 70%) - Activation irrigation requise,5.5,25,2
Tomate,Été,6,8,14,32.7,31.0,43.8,50.7,2020,70,85,Sec,1,نعم - يجب السقي,OUI - Irrigation NÉCESSAIRE / نعم - الري ضروري,Sol sec (50.7% < 70%) - Activation irrigation requise,5.5,25,2
Tomate,Été,6,8,15,32.0,30.6,58.7,37.6,2556,70,85,Sec,1,نعم - يجب السقي,OUI - Irrigation NÉCESSAIRE / نعم - الري ضروري,Sol sec (37.6% < 70%) - Activation irrigation requise,5.5,25,2
Tomate,Été,6,8,16,22.7,20.6,56.2,54.1,1878,70,85,Sec,1,نعم - يجب السقي,OUI - Irrigation NÉCESSAIRE / نعم - الري ضروري,Sol sec (54.1% < 70%) - Activation irrigation requise,5.5,25,2
Tomate,Été,6,8,17,31.4,28.5,55.5,44.7,2264,70,85,Sec,1,نعم - يجب السقي,OUI - Irrigation NÉCESSAIRE / نعم - الري ضروري,Sol sec (44.7% < 70%) - Activation irrigation requise,5.5,25,2
Tomate,Été,6,8,18,32.3,30.8,53.2,37.4,2565,70,85,Sec,1,نعم - يجب السقي,OUI - Irrigation NÉCESSAIRE / نعم - الري ضروري,Sol sec (37.4% < 70%) - Activation irrigation requise,5.5,25,2
Tomate,Été,6,8,19,22.3,19.4,65.1,55.9,1806,70,85,Sec,1,نعم - يجب السقي,OUI - Irrigation NÉCESSAIRE / نعم - الري ضروري,Sol sec (55.9% < 70%) - Activation irrigation requise,5.5,25,2
Tomate,Été,6,8,20,27.3,26.0,44.7,42.5,2354,70,85,Sec,1,نعم - يجب السقي,OUI - Irrigation NÉCESSAIRE / نعم - الري ضروري,Sol sec (42.5% < 70%) - Activation irrigation requise,5.5,25,2
Tomate,Été,6,8,21,29.1,26.7,59.8,43.4,2317,70,85,Sec,1,نعم - يجب السقي,OUI - Irrigation NÉCESSAIRE / نعم - الري ضروري,Sol sec (43.4% < 70%) - Activation irrigation requise,5.5,25,2
Tomate,Été,6,8,22,34.4,31.9,56.6,53.4,1910,70,85,Sec,1,نعم - يجب السقي,OUI - Irrigation NÉCESSAIRE / نعم - الري ضروري,Sol sec (53.4% < 70%) - Activation irrigation requise,5.5,25,2
Tomate,Été,6,8,23,27.5,26.0,50.7,57.7,1730,70,85,Sec,1,نعم - يجب السقي,OUI - Irrigation NÉCESSAIRE / نعم - الري ضروري,Sol sec (57.7% < 70%) - Activation irrigation requise,5.5,25,2
Tomate,Été,6,8,24,22.2,21.0,41.4,36.2,2611,70,85,Sec,1,نعم - يجب السقي,OUI - Irrigation NÉCESSAIRE / نعم - الري ضروري,Sol sec (36.2% < 70%) - Activation irrigation requise,5.5,25,2
Tomate,Été,6,8,25,33.1,30.7,54.2,37.9,2541,70,85,Sec,1,نعم - يجب السقي,OUI - Irrigation NÉCESSAIRE / نعم - الري ضروري,Sol sec (37.9% < 70%) - Activation irrigation requise,5.5,25,2
Tomate,Été,6,8,26,28.4,26.4,45.2,48.0,2128,70,85,Sec,1,نعم - يجب السقي,OUI - Irrigation NÉCESSAIRE / نعم - الري ضروري,Sol sec (48.0% < 70%) - Activation irrigation requise,5.5,25,2
Tomate,Été,6,8,27,27.2,24.9,59.1,36.4,2606,70,85,Sec,1,نعم - يجب السقي,OUI - Irrigation NÉCESSAIRE / نعم - الري ضروري,Sol sec (36.4% < 70%) - Activation irrigation requise,5.5,25,2
Tomate,Été,6,8,28,26.9,24.6,55.1,60.7,1609,70,85,Sec,1,نعم - يجب السقي,OUI - Irrigation NÉCESSAIRE / نعم - الري ضروري,Sol sec (60.7% < 70%) - Activation irrigation requise,5.5,25,2
Tomate,Été,6,8,29,30.6,29.2,42.1,54.3,1872,70,85,Sec,1,نعم - يجب السقي,OUI - Irrigation NÉCESSAIRE / نعم - الري ضروري,Sol sec (54.3% < 70%) - Activation irrigation requise,5.5,25,2
Tomate,Été,6,8,30,22.3,20.2,68.2,52.3,1954,70,85,Sec,1,نعم - يجب السقي,OUI - Irrigation NÉCESSAIRE / نعم - الري ضروري,Sol sec (52.3% < 70%) - Activation irrigation requise,5.5,25,2
Tomate,Automne,9,11,1,13.9,11.6,79.2,73.6,1079,70,85,Optimal,0,لا - لا حاجة للسقي,NON - Sol optimal / لا - التربة مثالية,Humidité optimale (70% ≤ 73.6% ≤ 85%) - Pas d'irrigation,3.5,15,3
Tomate,Automne,9,11,2,19.4,17.6,89.2,82.6,711,70,85,Optimal,0,لا - لا حاجة للسقي,NON - Sol optimal / لا - التربة مثالية,Humidité optimale (70% ≤ 82.6% ≤ 85%) - Pas d'irrigation,3.5,15,3
Tomate,Automne,9,11,3,12.0,10.8,72.0,60.5,1619,70,85,Sec,1,نعم - يجب السقي,OUI - Irrigation NÉCESSAIRE / نعم - الري ضروري,Sol sec (60.5% < 70%) - Activation irrigation requise,3.5,15,3
Tomate,Automne,9,11,4,10.9,8.6,71.4,68.0,1311,70,85,Sec,1,نعم - يجب السقي,OUI - Irrigation NÉCESSAIRE / نعم - الري ضروري,Sol sec (68.0% < 70%) - Activation irrigation requise,3.5,15,3
Tomate,Automne,9,11,5,18.4,17.4,86.3,67.0,1349,70,85,Sec,1,نعم - يجب السقي,OUI - Irrigation NÉCESSAIRE / نعم - الري ضروري,Sol sec (67.0% < 70%) - Activation irrigation requise,3.5,15,3
Tomate,Automne,9,11,6,11.2,8.8,82.6,81.9,739,70,85,Optimal,0,لا - لا حاجة للسقي,NON - Sol optimal / لا - التربة مثالية,Humidité optimale (70% ≤ 81.9% ≤ 85%) - Pas d'irrigation,3.5,15,3
Tomate,Automne,9,11,7,17.4,14.7,75.6,64.4,1456,70,85,Sec,1,نعم - يجب السقي,OUI - Irrigation NÉCESSAIRE / نعم - الري ضروري,Sol sec (64.4% < 70%) - Activation irrigation requise,3.5,15,3
Tomate,Automne,9,11,8,17.5,14.9,89.8,70.3,1215,70,85,Optimal,0,لا - لا حاجة للسقي,NON - Sol optimal / لا - التربة مثالية,Humidité optimale (70% ≤ 70.3% ≤ 85%) - Pas d'irrigation,3.5,15,3
Tomate,Automne,9,11,9,13.7,11.2,76.8,83.3,685,70,85,Optimal,0,لا - لا حاجة للسقي,NON - Sol optimal / لا - التربة مثالية,Humidité optimale (70% ≤ 83.3% ≤ 85%) - Pas d'irrigation,3.5,15,3
Tomate,Automne,9,11,10,18.6,16.7,85.0,78.9,865,70,85,Optimal,0,لا - لا حاجة للسقي,NON - Sol optimal / لا - التربة مثالية,Humidité optimale (70% ≤ 78.9% ≤ 85%) - Pas d'irrigation,3.5,15,3
Tomate,Automne,9,11,11,11.0,8.2,80.1,80.7,791,70,85,Optimal,0,لا - لا حاجة للسقي,NON - Sol optimal / لا - التربة مثالية,Humidité optimale (70% ≤ 80.7% ≤ 85%) - Pas d'irrigation,3.5,15,3
Tomate,Automne,9,11,12,13.2,10.4,77.8,60.3,1626,70,85,Sec,1,نعم - يجب السقي,OUI - Irrigation NÉCESSAIRE / نعم - الري ضروري,Sol sec (60.3% < 70%) - Activation irrigation requise,3.5,15,3
Tomate,Automne,9,11,13,19.1,17.9,76.4,83.8,665,70,85,Optimal,0,لا - لا حاجة للسقي,NON - Sol optimal / لا - التربة مثالية,Humidité optimale (70% ≤ 83.8% ≤ 85%) - Pas d'irrigation,3.5,15,3
Tomate,Automne,9,11,14,19.5,17.4,82.6,71.2,1178,70,85,Optimal,0,لا - لا حاجة للسقي,NON - Sol optimal / لا - التربة مثالية,Humidité optimale (70% ≤ 71.2% ≤ 85%) - Pas d'irrigation,3.5,15,3
Tomate,Automne,9,11,15,12.9,11.3,83.5,78.8,867,70,85,Optimal,0,لا - لا حاجة للسقي,NON - Sol optimal / لا - التربة مثالية,Humidité optimale (70% ≤ 78.8% ≤ 85%) - Pas d'irrigation,3.5,15,3
Tomate,Automne,9,11,16,17.9,15.3,71.8,72.4,1131,70,85,Optimal,0,لا - لا حاجة للسقي,NON - Sol optimal / لا - التربة مثالية,Humidité optimale (70% ≤ 72.4% ≤ 85%) - Pas d'irrigation,3.5,15,3
Tomate,Automne,9,11,17,10.6,8.5,78.8,82.2,729,70,85,Optimal,0,لا - لا حاجة للسقي,NON - Sol optimal / لا - التربة مثالية,Humidité optimale (70% ≤ 82.2% ≤ 85%) - Pas d'irrigation,3.5,15,3
Tomate,Automne,9,11,18,13.5,12.3,72.9,79.0,858,70,85,Optimal,0,لا - لا حاجة للسقي,NON - Sol optimal / لا - التربة مثالية,Humidité optimale (70% ≤ 79.0% ≤ 85%) - Pas d'irrigation,3.5,15,3
Tomate,Automne,9,11,19,16.2,15.0,71.7,77.5,920,70,85,Optimal,0,لا - لا حاجة للسقي,NON - Sol optimal / لا - التربة مثالية,Humidité optimale (70% ≤ 77.5% ≤ 85%) - Pas d'irrigation,3.5,15,3
Tomate,Automne,9,11,20,10.7,8.1,84.1,62.0,1554,70,85,Sec,1,نعم - يجب السقي,OUI - Irrigation NÉCESSAIRE / نعم - الري ضروري,Sol sec (62.0% < 70%) - Activation irrigation requise,3.5,15,3
Tomate,Automne,9,11,21,10.8,7.9,77.5,69.3,1258,70,85,Sec,1,نعم - يجب السقي,OUI - Irrigation NÉCESSAIRE / نعم - الري ضروري,Sol sec (69.3% < 70%) - Activation irrigation requise,3.5,15,3
Tomate,Automne,9,11,22,18.1,15.2,89.7,78.8,866,70,85,Optimal,0,لا - لا حاجة للسقي,NON - Sol optimal / لا - التربة مثالية,Humidité optimale (70% ≤ 78.8% ≤ 85%) - Pas d'irrigation,3.5,15,3
Tomate,Automne,9,11,23,13.8,12.6,85.5,74.0,1066,70,85,Optimal,0,لا - لا حاجة للسقي,NON - Sol optimal / لا - التربة مثالية,Humidité optimale (70% ≤ 74.0% ≤ 85%) - Pas d'irrigation,3.5,15,3
Tomate,Automne,9,11,24,14.2,11.4,72.2,72.3,1133,70,85,Optimal,0,لا - لا حاجة للسقي,NON - Sol optimal / لا - التربة مثالية,Humidité optimale (70% ≤ 72.3% ≤ 85%) - Pas d'irrigation,3.5,15,3
Tomate,Automne,9,11,25,10.1,8.2,71.1,63.0,1516,70,85,Sec,1,نعم - يجب السقي,OUI - Irrigation NÉCESSAIRE / نعم - الري ضروري,Sol sec (63.0% < 70%) - Activation irrigation requise,3.5,15,3
Tomate,Automne,9,11,26,11.2,8.9,84.9,74.6,1040,70,85,Optimal,0,لا - لا حاجة للسقي,NON - Sol optimal / لا - التربة مثالية,Humidité optimale (70% ≤ 74.6% ≤ 85%) - Pas d'irrigation,3.5,15,3
Tomate,Automne,9,11,27,19.6,17.9,75.7,81.7,748,70,85,Optimal,0,لا - لا حاجة للسقي,NON - Sol optimal / لا - التربة مثالية,Humidité optimale (70% ≤ 81.7% ≤ 85%) - Pas d'irrigation,3.5,15,3
Tomate,Automne,9,11,28,12.2,9.3,70.2,84.2,645,70,85,Optimal,0,لا - لا حاجة للسقي,NON - Sol optimal / لا - التربة مثالية,Humidité optimale (70% ≤ 84.2% ≤ 85%) - Pas d'irrigation,3.5,15,3
Tomate,Automne,9,11,29,10.4,7.6,80.6,84.8,621,70,85,Optimal,0,لا - لا حاجة للسقي,NON - Sol optimal / لا - التربة مثالية,Humidité optimale (70% ≤ 84.8% ≤ 85%) - Pas d'irrigation,3.5,15,3
Tomate,Automne,9,11,30,10.7,8.6,89.4,73.1,1102,70,85,Optimal,0,لا - لا حاجة للسقي,NON - Sol optimal / لا - التربة مثالية,Humidité optimale (70% ≤ 73.1% ≤ 85%) - Pas d'irrigation,3.5,15,3
Menthe,Hiver,12,2,1,12.4,10.0,79.1,75.7,995,75,90,Optimal,0,لا - لا حاجة للسقي,NON - Sol optimal / لا - التربة مثالية,Humidité optimale (75% ≤ 75.7% ≤ 90%) - Pas d'irrigation,3.0,12,3
Menthe,Hiver,12,2,2,12.1,9.3,70.9,67.0,1350,75,90,Sec,1,نعم - يجب السقي,OUI - Irrigation NÉCESSAIRE / نعم - الري ضروري,Sol sec (67.0% < 75%) - Activation irrigation requise,3.0,12,3
Menthe,Hiver,12,2,3,14.7,11.9,79.1,75.5,1003,75,90,Optimal,0,لا - لا حاجة للسقي,NON - Sol optimal / لا - التربة مثالية,Humidité optimale (75% ≤ 75.5% ≤ 90%) - Pas d'irrigation,3.0,12,3
Menthe,Hiver,12,2,4,9.9,8.6,79.3,68.8,1276,75,90,Sec,1,نعم - يجب السقي,OUI - Irrigation NÉCESSAIRE / نعم - الري ضروري,Sol sec (68.8% < 75%) - Activation irrigation requise,3.0,12,3
Menthe,Hiver,12,2,5,12.1,10.9,89.5,84.7,628,75,90,Optimal,0,لا - لا حاجة للسقي,NON - Sol optimal / لا - التربة مثالية,Humidité optimale (75% ≤ 84.7% ≤ 90%) - Pas d'irrigation,3.0,12,3
Menthe,Hiver,12,2,6,12.9,10.8,76.2,80.3,804,75,90,Optimal,0,لا - لا حاجة للسقي,NON - Sol optimal / لا - التربة مثالية,Humidité optimale (75% ≤ 80.3% ≤ 90%) - Pas d'irrigation,3.0,12,3
Menthe,Hiver,12,2,7,12.8,11.5,88.2,80.6,795,75,90,Optimal,0,لا - لا حاجة للسقي,NON - Sol optimal / لا - التربة مثالية,Humidité optimale (75% ≤ 80.6% ≤ 90%) - Pas d'irrigation,3.0,12,3
Menthe,Hiver,12,2,8,14.6,12.2,82.3,70.5,1209,75,90,Sec,1,نعم - يجب السقي,OUI - Irrigation NÉCESSAIRE / نعم - الري ضروري,Sol sec (70.5% < 75%) - Activation irrigation requise,3.0,12,3
Menthe,Hiver,12,2,9,14.5,11.8,70.9,60.7,1611,75,90,Sec,1,نعم - يجب السقي,OUI - Irrigation NÉCESSAIRE / نعم - الري ضروري,Sol sec (60.7% < 75%) - Activation irrigation requise,3.0,12,3
Menthe,Hiver,12,2,10,10.6,8.0,89.7,63.8,1484,75,90,Sec,1,نعم - يجب السقي,OUI - Irrigation NÉCESSAIRE / نعم - الري ضروري,Sol sec (63.8% < 75%) - Activation irrigation requise,3.0,12,3
Menthe,Hiver,12,2,11,12.2,10.4,89.4,81.1,775,75,90,Optimal,0,لا - لا حاجة للسقي,NON - Sol optimal / لا - التربة مثالية,Humidité optimale (75% ≤ 81.1% ≤ 90%) - Pas d'irrigation,3.0,12,3
Menthe,Hiver,12,2,12,13.9,11.9,78.3,66.8,1358,75,90,Sec,1,نعم - يجب السقي,OUI - Irrigation NÉCESSAIRE / نعم - الري ضروري,Sol sec (66.8% < 75%) - Activation irrigation requise,3.0,12,3
Menthe,Hiver,12,2,13,8.4,5.7,86.3,85.0,614,75,90,Optimal,0,لا - لا حاجة للسقي,NON - Sol optimal / لا - التربة مثالية,Humidité optimale (75% ≤ 85.0% ≤ 90%) - Pas d'irrigation,3.0,12,3
Menthe,Hiver,12,2,14,15.0,12.9,85.4,83.6,670,75,90,Optimal,0,لا - لا حاجة للسقي,NON - Sol optimal / لا - التربة مثالية,Humidité optimale (75% ≤ 83.6% ≤ 90%) - Pas d'irrigation,3.0,12,3
Menthe,Hiver,12,2,15,13.9,12.5,79.0,63.2,1505,75,90,Sec,1,نعم - يجب السقي,OUI - Irrigation NÉCESSAIRE / نعم - الري ضروري,Sol sec (63.2% < 75%) - Activation irrigation requise,3.0,12,3
Menthe,Hiver,12,2,16,14.7,12.5,74.6,76.8,950,75,90,Optimal,0,لا - لا حاجة للسقي,NON - Sol optimal / لا - التربة مثالية,Humidité optimale (75% ≤ 76.8% ≤ 90%) - Pas d'irrigation,3.0,12,3
Menthe,Hiver,12,2,17,12.3,10.6,72.3,76.8,950,75,90,Optimal,0,لا - لا حاجة للسقي,NON - Sol optimal / لا - التربة مثالية,Humidité optimale (75% ≤ 76.8% ≤ 90%) - Pas d'irrigation,3.0,12,3
Menthe,Hiver,12,2,18,11.6,9.1,80.4,81.3,765,75,90,Optimal,0,لا - لا حاجة للسقي,NON - Sol optimal / لا - التربة مثالية,Humidité optimale (75% ≤ 81.3% ≤ 90%) - Pas d'irrigation,3.0,12,3
Menthe,Hiver,12,2,19,11.9,9.7,87.5,70.1,1224,75,90,Sec,1,نعم - يجب السقي,OUI - Irrigation NÉCESSAIRE / نعم - الري ضروري,Sol sec (70.1% < 75%) - Activation irrigation requise,3.0,12,3
Menthe,Hiver,12,2,20,8.9,7.9,85.1,75.5,1002,75,90,Optimal,0,لا - لا حاجة للسقي,NON - Sol optimal / لا - التربة مثالية,Humidité optimale (75% ≤ 75.5% ≤ 90%) - Pas d'irrigation,3.0,12,3
Menthe,Hiver,12,2,21,12.9,11.5,72.7,60.4,1623,75,90,Sec,1,نعم - يجب السقي,OUI - Irrigation NÉCESSAIRE / نعم - الري ضروري,Sol sec (60.4% < 75%) - Activation irrigation requise,3.0,12,3
Menthe,Hiver,12,2,22,10.5,8.3,77.8,70.9,1190,75,90,Sec,1,نعم - يجب السقي,OUI - Irrigation NÉCESSAIRE / نعم - الري ضروري,Sol sec (70.9% < 75%) - Activation irrigation requise,3.0,12,3
Menthe,Hiver,12,2,23,14.3,12.6,80.3,79.6,835,75,90,Optimal,0,لا - لا حاجة للسقي,NON - Sol optimal / لا - التربة مثالية,Humidité optimale (75% ≤ 79.6% ≤ 90%) - Pas d'irrigation,3.0,12,3
Menthe,Hiver,12,2,24,10.8,8.5,87.2,83.7,665,75,90,Optimal,0,لا - لا حاجة للسقي,NON - Sol optimal / لا - التربة مثالية,Humidité optimale (75% ≤ 83.7% ≤ 90%) - Pas d'irrigation,3.0,12,3
Menthe,Hiver,12,2,25,9.0,6.2,79.8,66.5,1373,75,90,Sec,1,نعم - يجب السقي,OUI - Irrigation NÉCESSAIRE / نعم - الري ضروري,Sol sec (66.5% < 75%) - Activation irrigation requise,3.0,12,3
Menthe,Hiver,12,2,26,11.2,8.3,79.9,68.2,1301,75,90,Sec,1,نعم - يجب السقي,OUI - Irrigation NÉCESSAIRE / نعم - الري ضروري,Sol sec (68.2% < 75%) - Activation irrigation requise,3.0,12,3
Menthe,Hiver,12,2,27,12.4,11.0,71.5,63.2,1506,75,90,Sec,1,نعم - يجب السقي,OUI - Irrigation NÉCESSAIRE / نعم - الري ضروري,Sol sec (63.2% < 75%) - Activation irrigation requise,3.0,12,3
Menthe,Hiver,12,2,28,8.9,7.6,72.8,76.0,981,75,90,Optimal,0,لا - لا حاجة للسقي,NON - Sol optimal / لا - التربة مثالية,Humidité optimale (75% ≤ 76.0% ≤ 90%) - Pas d'irrigation,3.0,12,3
Menthe,Hiver,12,2,29,9.3,7.6,87.9,71.8,1152,75,90,Sec,1,نعم - يجب السقي,OUI - Irrigation NÉCESSAIRE / نعم - الري ضروري,Sol sec (71.8% < 75%) - Activation irrigation requise,3.0,12,3
Menthe,Hiver,12,2,30,12.7,11.3,73.8,61.0,1596,75,90,Sec,1,نعم - يجب السقي,OUI - Irrigation NÉCESSAIRE / نعم - الري ضروري,Sol sec (61.0% < 75%) - Activation irrigation requise,3.0,12,3
Menthe,Printemps,3,5,1,13.7,12.1,63.5,52.2,1956,75,90,Sec,1,نعم - يجب السقي,OUI - Irrigation NÉCESSAIRE / نعم - الري ضروري,Sol sec (52.2% < 75%) - Activation irrigation requise,3.0,12,3
Menthe,Printemps,3,5,2,13.2,11.3,64.1,59.1,1674,75,90,Sec,1,نعم - يجب السقي,OUI - Irrigation NÉCESSAIRE / نعم - الري ضروري,Sol sec (59.1% < 75%) - Activation irrigation requise,3.0,12,3
Menthe,Printemps,3,5,3,17.0,14.7,60.8,70.0,1229,75,90,Sec,1,نعم - يجب السقي,OUI - Irrigation NÉCESSAIRE / نعم - الري ضروري,Sol sec (70.0% < 75%) - Activation irrigation requise,3.0,12,3
Menthe,Printemps,3,5,4,18.3,17.1,77.5,73.0,1104,75,90,Sec,1,نعم - يجب السقي,OUI - Irrigation NÉCESSAIRE / نعم - الري ضروري,Sol sec (73.0% < 75%) - Activation irrigation requise,3.0,12,3
Menthe,Printemps,3,5,5,12.6,11.1,76.1,68.7,1281,75,90,Sec,1,نعم - يجب السقي,OUI - Irrigation NÉCESSAIRE / نعم - الري ضروري,Sol sec (68.7% < 75%) - Activation irrigation requise,3.0,12,3
Menthe,Printemps,3,5,6,13.8,12.4,67.4,62.1,1551,75,90,Sec,1,نعم - يجب السقي,OUI - Irrigation NÉCESSAIRE / نعم - الري ضروري,Sol sec (62.1% < 75%) - Activation irrigation requise,3.0,12,3
Menthe,Printemps,3,5,7,18.2,16.4,69.3,68.7,1282,75,90,Sec,1,نعم - يجب السقي,OUI - Irrigation NÉCESSAIRE / نعم - الري ضروري,Sol sec (68.7% < 75%) - Activation irrigation requise,3.0,12,3
Menthe,Printemps,3,5,8,12.4,10.9,74.3,72.4,1131,75,90,Sec,1,نعم - يجب السقي,OUI - Irrigation NÉCESSAIRE / نعم - الري ضروري,Sol sec (72.4% < 75%) - Activation irrigation requise,3.0,12,3
Menthe,Printemps,3,5,9,17.1,15.1,62.1,61.2,1589,75,90,Sec,1,نعم - يجب السقي,OUI - Irrigation NÉCESSAIRE / نعم - الري ضروري,Sol sec (61.2% < 75%) - Activation irrigation requise,3.0,12,3
Menthe,Printemps,3,5,10,17.3,15.8,65.4,59.4,1661,75,90,Sec,1,نعم - يجب السقي,OUI - Irrigation NÉCESSAIRE / نعم - الري ضروري,Sol sec (59.4% < 75%) - Activation irrigation requise,3.0,12,3
Menthe,Printemps,3,5,11,12.2,10.6,64.2,58.2,1712,75,90,Sec,1,نعم - يجب السقي,OUI - Irrigation NÉCESSAIRE / نعم - الري ضروري,Sol sec (58.2% < 75%) - Activation irrigation requise,3.0,12,3
Menthe,Printemps,3,5,12,13.2,10.4,71.9,67.0,1352,75,90,Sec,1,نعم - يجب السقي,OUI - Irrigation NÉCESSAIRE / نعم - الري ضروري,Sol sec (67.0% < 75%) - Activation irrigation requise,3.0,12,3
Menthe,Printemps,3,5,13,19.9,17.9,61.7,63.4,1497,75,90,Sec,1,نعم - يجب السقي,OUI - Irrigation NÉCESSAIRE / نعم - الري ضروري,Sol sec (63.4% < 75%) - Activation irrigation requise,3.0,12,3
Menthe,Printemps,3,5,14,17.9,15.4,68.6,53.2,1916,75,90,Sec,1,نعم - يجب السقي,OUI - Irrigation NÉCESSAIRE / نعم - الري ضروري,Sol sec (53.2% < 75%) - Activation irrigation requise,3.0,12,3
Menthe,Printemps,3,5,15,14.8,13.1,72.9,64.3,1463,75,90,Sec,1,نعم - يجب السقي,OUI - Irrigation NÉCESSAIRE / نعم - الري ضروري,Sol sec (64.3% < 75%) - Activation irrigation requise,3.0,12,3
Menthe,Printemps,3,5,16,15.6,12.6,72.1,55.9,1804,75,90,Sec,1,نعم - يجب السقي,OUI - Irrigation NÉCESSAIRE / نعم - الري ضروري,Sol sec (55.9% < 75%) - Activation irrigation requise,3.0,12,3
Menthe,Printemps,3,5,17,13.0,11.7,64.9,54.0,1883,75,90,Sec,1,نعم - يجب السقي,OUI - Irrigation NÉCESSAIRE / نعم - الري ضروري,Sol sec (54.0% < 75%) - Activation irrigation requise,3.0,12,3
Menthe,Printemps,3,5,18,13.9,12.3,63.5,72.4,1129,75,90,Sec,1,نعم - يجب السقي,OUI - Irrigation NÉCESSAIRE / نعم - الري ضروري,Sol sec (72.4% < 75%) - Activation irrigation requise,3.0,12,3
Menthe,Printemps,3,5,19,12.8,10.8,68.2,74.6,1041,75,90,Sec,1,نعم - يجب السقي,OUI - Irrigation NÉCESSAIRE / نعم - الري ضروري,Sol sec (74.6% < 75%) - Activation irrigation requise,3.0,12,3
Menthe,Printemps,3,5,20,13.1,11.3,79.4,71.6,1161,75,90,Sec,1,نعم - يجب السقي,OUI - Irrigation NÉCESSAIRE / نعم - الري ضروري,Sol sec (71.6% < 75%) - Activation irrigation requise,3.0,12,3
Menthe,Printemps,3,5,21,20.2,18.7,63.4,66.7,1362,75,90,Sec,1,نعم - يجب السقي,OUI - Irrigation NÉCESSAIRE / نعم - الري ضروري,Sol sec (66.7% < 75%) - Activation irrigation requise,3.0,12,3
Menthe,Printemps,3,5,22,21.3,19.2,71.4,57.0,1760,75,90,Sec,1,نعم - يجب السقي,OUI - Irrigation NÉCESSAIRE / نعم - الري ضروري,Sol sec (57.0% < 75%) - Activation irrigation requise,3.0,12,3
Menthe,Printemps,3,5,23,19.7,18.3,66.5,60.6,1611,75,90,Sec,1,نعم - يجب السقي,OUI - Irrigation NÉCESSAIRE / نعم - الري ضروري,Sol sec (60.6% < 75%) - Activation irrigation requise,3.0,12,3
Menthe,Printemps,3,5,24,17.1,15.6,62.3,65.3,1422,75,90,Sec,1,نعم - يجب السقي,OUI - Irrigation NÉCESSAIRE / نعم - الري ضروري,Sol sec (65.3% < 75%) - Activation irrigation requise,3.0,12,3
Menthe,Printemps,3,5,25,14.9,12.7,63.1,62.0,1554,75,90,Sec,1,نعم - يجب السقي,OUI - Irrigation NÉCESSAIRE / نعم - الري ضروري,Sol sec (62.0% < 75%) - Activation irrigation requise,3.0,12,3
Menthe,Printemps,3,5,26,17.3,16.2,66.7,53.4,1909,75,90,Sec,1,نعم - يجب السقي,OUI - Irrigation NÉCESSAIRE / نعم - الري ضروري,Sol sec (53.4% < 75%) - Activation irrigation requise,3.0,12,3
Menthe,Printemps,3,5,27,12.6,9.7,66.4,70.2,1218,75,90,Sec,1,نعم - يجب السقي,OUI - Irrigation NÉCESSAIRE / نعم - الري ضروري,Sol sec (70.2% < 75%) - Activation irrigation requise,3.0,12,3
Menthe,Printemps,3,5,28,14.5,12.2,75.2,64.9,1437,75,90,Sec,1,نعم - يجب السقي,OUI - Irrigation NÉCESSAIRE / نعم - الري ضروري,Sol sec (64.9% < 75%) - Activation irrigation requise,3.0,12,3
Menthe,Printemps,3,5,29,16.7,14.9,67.0,73.2,1095,75,90,Sec,1,نعم - يجب السقي,OUI - Irrigation NÉCESSAIRE / نعم - الري ضروري,Sol sec (73.2% < 75%) - Activation irrigation requise,3.0,12,3
Menthe,Printemps,3,5,30,20.3,17.4,62.5,68.3,1299,75,90,Sec,1,نعم - يجب السقي,OUI - Irrigation NÉCESSAIRE / نعم - الري ضروري,Sol sec (68.3% < 75%) - Activation irrigation requise,3.0,12,3
Menthe,Été,6,8,1,34.2,32.8,42.0,57.2,1751,75,90,Sec,1,نعم - يجب السقي,OUI - Irrigation NÉCESSAIRE / نعم - الري ضروري,Sol sec (57.2% < 75%) - Activation irrigation requise,5.0,20,2
Menthe,Été,6,8,2,29.5,26.8,44.2,58.9,1684,75,90,Sec,1,نعم - يجب السقي,OUI - Irrigation NÉCESSAIRE / نعم - الري ضروري,Sol sec (58.9% < 75%) - Activation irrigation requise,5.0,20,2
Menthe,Été,6,8,3,24.6,23.3,44.9,59.4,1661,75,90,Sec,1,نعم - يجب السقي,OUI - Irrigation NÉCESSAIRE / نعم - الري ضروري,Sol sec (59.4% < 75%) - Activation irrigation requise,5.0,20,2
Menthe,Été,6,8,4,30.6,28.6,50.8,61.3,1584,75,90,Sec,1,نعم - يجب السقي,OUI - Irrigation NÉCESSAIRE / نعم - الري ضروري,Sol sec (61.3% < 75%) - Activation irrigation requise,5.0,20,2
Menthe,Été,6,8,5,27.1,24.5,53.2,46.3,2198,75,90,Sec,1,نعم - يجب السقي,OUI - Irrigation NÉCESSAIRE / نعم - الري ضروري,Sol sec (46.3% < 75%) - Activation irrigation requise,5.0,20,2
Menthe,Été,6,8,6,28.0,26.4,62.4,50.1,2044,75,90,Sec,1,نعم - يجب السقي,OUI - Irrigation NÉCESSAIRE / نعم - الري ضروري,Sol sec (50.1% < 75%) - Activation irrigation requise,5.0,20,2
Menthe,Été,6,8,7,25.0,22.2,51.5,51.3,1993,75,90,Sec,1,نعم - يجب السقي,OUI - Irrigation NÉCESSAIRE / نعم - الري ضروري,Sol sec (51.3% < 75%) - Activation irrigation requise,5.0,20,2
Menthe,Été,6,8,8,33.8,31.5,43.5,63.2,1507,75,90,Sec,1,نعم - يجب السقي,OUI - Irrigation NÉCESSAIRE / نعم - الري ضروري,Sol sec (63.2% < 75%) - Activation irrigation requise,5.0,20,2
Menthe,Été,6,8,9,30.2,28.5,44.2,58.8,1686,75,90,Sec,1,نعم - يجب السقي,OUI - Irrigation NÉCESSAIRE / نعم - الري ضروري,Sol sec (58.8% < 75%) - Activation irrigation requise,5.0,20,2
Menthe,Été,6,8,10,30.1,28.0,66.8,58.7,1692,75,90,Sec,1,نعم - يجب السقي,OUI - Irrigation NÉCESSAIRE / نعم - الري ضروري,Sol sec (58.7% < 75%) - Activation irrigation requise,5.0,20,2
Menthe,Été,6,8,11,24.0,22.3,47.5,57.3,1747,75,90,Sec,1,نعم - يجب السقي,OUI - Irrigation NÉCESSAIRE / نعم - الري ضروري,Sol sec (57.3% < 75%) - Activation irrigation requise,5.0,20,2
Menthe,Été,6,8,12,22.4,20.3,62.9,61.3,1584,75,90,Sec,1,نعم - يجب السقي,OUI - Irrigation NÉCESSAIRE / نعم - الري ضروري,Sol sec (61.3% < 75%) - Activation irrigation requise,5.0,20,2
Menthe,Été,6,8,13,26.4,23.8,43.3,60.4,1621,75,90,Sec,1,نعم - يجب السقي,OUI - Irrigation NÉCESSAIRE / نعم - الري ضروري,Sol sec (60.4% < 75%) - Activation irrigation requise,5.0,20,2
Menthe,Été,6,8,14,23.7,21.9,63.9,39.5,2477,75,90,Sec,1,نعم - يجب السقي,OUI - Irrigation NÉCESSAIRE / نعم - الري ضروري,Sol sec (39.5% < 75%) - Activation irrigation requise,5.0,20,2
Menthe,Été,6,8,15,25.0,22.5,61.6,54.2,1874,75,90,Sec,1,نعم - يجب السقي,OUI - Irrigation NÉCESSAIRE / نعم - الري ضروري,Sol sec (54.2% < 75%) - Activation irrigation requise,5.0,20,2
Menthe,Été,6,8,16,31.0,28.9,47.6,45.4,2237,75,90,Sec,1,نعم - يجب السقي,OUI - Irrigation NÉCESSAIRE / نعم - الري ضروري,Sol sec (45.4% < 75%) - Activation irrigation requise,5.0,20,2
Menthe,Été,6,8,17,24.4,21.5,57.5,47.0,2169,75,90,Sec,1,نعم - يجب السقي,OUI - Irrigation NÉCESSAIRE / نعم - الري ضروري,Sol sec (47.0% < 75%) - Activation irrigation requise,5.0,20,2
Menthe,Été,6,8,18,28.0,25.1,44.6,52.6,1941,75,90,Sec,1,نعم - يجب السقي,OUI - Irrigation NÉCESSAIRE / نعم - الري ضروري,Sol sec (52.6% < 75%) - Activation irrigation requise,5.0,20,2
Menthe,Été,6,8,19,28.6,26.4,40.5,61.2,1590,75,90,Sec,1,نعم - يجب السقي,OUI - Irrigation NÉCESSAIRE / نعم - الري ضروري,Sol sec (61.2% < 75%) - Activation irrigation requise,5.0,20,2
Menthe,Été,6,8,20,34.1,32.0,60.9,62.7,1528,75,90,Sec,1,نعم - يجب السقي,OUI - Irrigation NÉCESSAIRE / نعم - الري ضروري,Sol sec (62.7% < 75%) - Activation irrigation requise,5.0,20,2
Menthe,Été,6,8,21,31.2,29.9,57.3,53.2,1916,75,90,Sec,1,نعم - يجب السقي,OUI - Irrigation NÉCESSAIRE / نعم - الري ضروري,Sol sec (53.2% < 75%) - Activation irrigation requise,5.0,20,2
Menthe,Été,6,8,22,27.5,25.0,68.0,62.8,1524,75,90,Sec,1,نعم - يجب السقي,OUI - Irrigation NÉCESSAIRE / نعم - الري ضروري,Sol sec (62.8% < 75%) - Activation irrigation requise,5.0,20,2
Menthe,Été,6,8,23,27.9,26.6,69.5,60.2,1631,75,90,Sec,1,نعم - يجب السقي,OUI - Irrigation NÉCESSAIRE / نعم - الري ضروري,Sol sec (60.2% < 75%) - Activation irrigation requise,5.0,20,2
Menthe,Été,6,8,24,23.6,20.8,66.1,50.6,2024,75,90,Sec,1,نعم - يجب السقي,OUI - Irrigation NÉCESSAIRE / نعم - الري ضروري,Sol sec (50.6% < 75%) - Activation irrigation requise,5.0,20,2
Menthe,Été,6,8,25,29.7,27.9,41.6,45.1,2249,75,90,Sec,1,نعم - يجب السقي,OUI - Irrigation NÉCESSAIRE / نعم - الري ضروري,Sol sec (45.1% < 75%) - Activation irrigation requise,5.0,20,2
Menthe,Été,6,8,26,32.4,31.4,50.0,46.9,2172,75,90,Sec,1,نعم - يجب السقي,OUI - Irrigation NÉCESSAIRE / نعم - الري ضروري,Sol sec (46.9% < 75%) - Activation irrigation requise,5.0,20,2
Menthe,Été,6,8,27,29.0,26.1,50.4,45.4,2235,75,90,Sec,1,نعم - يجب السقي,OUI - Irrigation NÉCESSAIRE / نعم - الري ضروري,Sol sec (45.4% < 75%) - Activation irrigation requise,5.0,20,2
Menthe,Été,6,8,28,31.6,29.7,46.7,48.6,2105,75,90,Sec,1,نعم - يجب السقي,OUI - Irrigation NÉCESSAIRE / نعم - الري ضروري,Sol sec (48.6% < 75%) - Activation irrigation requise,5.0,20,2
Menthe,Été,6,8,29,23.8,22.5,55.0,47.6,2147,75,90,Sec,1,نعم - يجب السقي,OUI - Irrigation NÉCESSAIRE / نعم - الري ضروري,Sol sec (47.6% < 75%) - Activation irrigation requise,5.0,20,2
Menthe,Été,6,8,30,33.9,32.2,57.4,54.0,1885,75,90,Sec,1,نعم - يجب السقي,OUI - Irrigation NÉCESSAIRE / نعم - الري ضروري,Sol sec (54.0% < 75%) - Activation irrigation requise,5.0,20,2
Menthe,Automne,9,11,1,10.1,7.8,73.6,84.0,654,75,90,Optimal,0,لا - لا حاجة للسقي,NON - Sol optimal / لا - التربة مثالية,Humidité optimale (75% ≤ 84.0% ≤ 90%) - Pas d'irrigation,3.0,12,3
Menthe,Automne,9,11,2,11.5,9.7,71.7,84.9,617,75,90,Optimal,0,لا - لا حاجة للسقي,NON - Sol optimal / لا - التربة مثالية,Humidité optimale (75% ≤ 84.9% ≤ 90%) - Pas d'irrigation,3.0,12,3
Menthe,Automne,9,11,3,15.0,12.8,71.3,78.7,870,75,90,Optimal,0,لا - لا حاجة للسقي,NON - Sol optimal / لا - التربة مثالية,Humidité optimale (75% ≤ 78.7% ≤ 90%) - Pas d'irrigation,3.0,12,3
Menthe,Automne,9,11,4,12.1,9.3,74.1,64.8,1442,75,90,Sec,1,نعم - يجب السقي,OUI - Irrigation NÉCESSAIRE / نعم - الري ضروري,Sol sec (64.8% < 75%) - Activation irrigation requise,3.0,12,3
Menthe,Automne,9,11,5,10.4,8.4,81.3,61.6,1570,75,90,Sec,1,نعم - يجب السقي,OUI - Irrigation NÉCESSAIRE / نعم - الري ضروري,Sol sec (61.6% < 75%) - Activation irrigation requise,3.0,12,3
Menthe,Automne,9,11,6,17.8,15.8,80.5,71.0,1186,75,90,Sec,1,نعم - يجب السقي,OUI - Irrigation NÉCESSAIRE / نعم - الري ضروري,Sol sec (71.0% < 75%) - Activation irrigation requise,3.0,12,3
Menthe,Automne,9,11,7,14.0,11.9,73.1,64.5,1451,75,90,Sec,1,نعم - يجب السقي,OUI - Irrigation NÉCESSAIRE / نعم - الري ضروري,Sol sec (64.5% < 75%) - Activation irrigation requise,3.0,12,3
Menthe,Automne,9,11,8,18.6,15.7,77.5,66.8,1360,75,90,Sec,1,نعم - يجب السقي,OUI - Irrigation NÉCESSAIRE / نعم - الري ضروري,Sol sec (66.8% < 75%) - Activation irrigation requise,3.0,12,3
Menthe,Automne,9,11,9,16.4,14.6,70.5,63.9,1478,75,90,Sec,1,نعم - يجب السقي,OUI - Irrigation NÉCESSAIRE / نعم - الري ضروري,Sol sec (63.9% < 75%) - Activation irrigation requise,3.0,12,3
Menthe,Automne,9,11,10,17.2,14.8,70.5,65.5,1410,75,90,Sec,1,نعم - يجب السقي,OUI - Irrigation NÉCESSAIRE / نعم - الري ضروري,Sol sec (65.5% < 75%) - Activation irrigation requise,3.0,12,3
Menthe,Automne,9,11,11,12.3,10.0,70.4,62.6,1531,75,90,Sec,1,نعم - يجب السقي,OUI - Irrigation NÉCESSAIRE / نعم - الري ضروري,Sol sec (62.6% < 75%) - Activation irrigation requise,3.0,12,3
Menthe,Automne,9,11,12,18.0,16.6,83.1,66.0,1394,75,90,Sec,1,نعم - يجب السقي,OUI - Irrigation NÉCESSAIRE / نعم - الري ضروري,Sol sec (66.0% < 75%) - Activation irrigation requise,3.0,12,3
Menthe,Automne,9,11,13,11.0,9.5,84.4,81.4,761,75,90,Optimal,0,لا - لا حاجة للسقي,NON - Sol optimal / لا - التربة مثالية,Humidité optimale (75% ≤ 81.4% ≤ 90%) - Pas d'irrigation,3.0,12,3
Menthe,Automne,9,11,14,18.3,16.5,83.4,65.1,1428,75,90,Sec,1,نعم - يجب السقي,OUI - Irrigation NÉCESSAIRE / نعم - الري ضروري,Sol sec (65.1% < 75%) - Activation irrigation requise,3.0,12,3
Menthe,Automne,9,11,15,12.9,10.1,70.3,62.1,1550,75,90,Sec,1,نعم - يجب السقي,OUI - Irrigation NÉCESSAIRE / نعم - الري ضروري,Sol sec (62.1% < 75%) - Activation irrigation requise,3.0,12,3
Menthe,Automne,9,11,16,12.1,11.0,73.6,74.6,1041,75,90,Sec,1,نعم - يجب السقي,OUI - Irrigation NÉCESSAIRE / نعم - الري ضروري,Sol sec (74.6% < 75%) - Activation irrigation requise,3.0,12,3
Menthe,Automne,9,11,17,14.2,11.4,86.3,68.5,1288,75,90,Sec,1,نعم - يجب السقي,OUI - Irrigation NÉCESSAIRE / نعم - الري ضروري,Sol sec (68.5% < 75%) - Activation irrigation requise,3.0,12,3
Menthe,Automne,9,11,18,12.6,10.8,81.8,66.7,1363,75,90,Sec,1,نعم - يجب السقي,OUI - Irrigation NÉCESSAIRE / نعم - الري ضروري,Sol sec (66.7% < 75%) - Activation irrigation requise,3.0,12,3
Menthe,Automne,9,11,19,16.2,14.4,81.0,70.9,1191,75,90,Sec,1,نعم - يجب السقي,OUI - Irrigation NÉCESSAIRE / نعم - الري ضروري,Sol sec (70.9% < 75%) - Activation irrigation requise,3.0,12,3
Menthe,Automne,9,11,20,12.9,10.0,85.3,63.5,1494,75,90,Sec,1,نعم - يجب السقي,OUI - Irrigation NÉCESSAIRE / نعم - الري ضروري,Sol sec (63.5% < 75%) - Activation irrigation requise,3.0,12,3
Menthe,Automne,9,11,21,18.7,16.7,87.9,80.0,819,75,90,Optimal,0,لا - لا حاجة للسقي,NON - Sol optimal / لا - التربة مثالية,Humidité optimale (75% ≤ 80.0% ≤ 90%) - Pas d'irrigation,3.0,12,3
Menthe,Automne,9,11,22,14.3,13.2,75.4,73.5,1083,75,90,Sec,1,نعم - يجب السقي,OUI - Irrigation NÉCESSAIRE / نعم - الري ضروري,Sol sec (73.5% < 75%) - Activation irrigation requise,3.0,12,3
Menthe,Automne,9,11,23,16.3,14.8,72.8,80.9,783,75,90,Optimal,0,لا - لا حاجة للسقي,NON - Sol optimal / لا - التربة مثالية,Humidité optimale (75% ≤ 80.9% ≤ 90%) - Pas d'irrigation,3.0,12,3
Menthe,Automne,9,11,24,19.8,17.8,73.4,66.8,1359,75,90,Sec,1,نعم - يجب السقي,OUI - Irrigation NÉCESSAIRE / نعم - الري ضروري,Sol sec (66.8% < 75%) - Activation irrigation requise,3.0,12,3
Menthe,Automne,9,11,25,10.2,7.4,72.4,74.4,1047,75,90,Sec,1,نعم - يجب السقي,OUI - Irrigation NÉCESSAIRE / نعم - الري ضروري,Sol sec (74.4% < 75%) - Activation irrigation requise,3.0,12,3
Menthe,Automne,9,11,26,12.7,10.6,83.0,80.7,788,75,90,Optimal,0,لا - لا حاجة للسقي,NON - Sol optimal / لا - التربة مثالية,Humidité optimale (75% ≤ 80.7% ≤ 90%) - Pas d'irrigation,3.0,12,3
Menthe,Automne,9,11,27,12.1,11.0,72.7,82.5,716,75,90,Optimal,0,لا - لا حاجة للسقي,NON - Sol optimal / لا - التربة مثالية,Humidité optimale (75% ≤ 82.5% ≤ 90%) - Pas d'irrigation,3.0,12,3
Menthe,Automne,9,11,28,18.7,16.5,82.0,76.6,957,75,90,Optimal,0,لا - لا حاجة للسقي,NON - Sol optimal / لا - التربة مثالية,Humidité optimale (75% ≤ 76.6% ≤ 90%) - Pas d'irrigation,3.0,12,3
Menthe,Automne,9,11,29,11.8,8.9,78.4,69.6,1245,75,90,Sec,1,نعم - يجب السقي,OUI - Irrigation NÉCESSAIRE / نعم - الري ضروري,Sol sec (69.6% < 75%) - Activation irrigation requise,3.0,12,3
Menthe,Automne,9,11,30,15.2,14.1,73.3,78.5,882,75,90,Optimal,0,لا - لا حاجة للسقي,NON - Sol optimal / لا - التربة مثالية,Humidité optimale (75% ≤ 78.5% ≤ 90%) - Pas d'irrigation,3.0,12,3
Oignon,Hiver,12,2,1,8.6,6.4,74.9,69.7,1239,60,75,Optimal,0,لا - لا حاجة للسقي,NON - Sol optimal / لا - التربة مثالية,Humidité optimale (60% ≤ 69.7% ≤ 75%) - Pas d'irrigation,2.5,10,3
Oignon,Hiver,12,2,2,10.0,8.3,84.4,67.4,1333,60,75,Optimal,0,لا - لا حاجة للسقي,NON - Sol optimal / لا - التربة مثالية,Humidité optimale (60% ≤ 67.4% ≤ 75%) - Pas d'irrigation,2.5,10,3
Oignon,Hiver,12,2,3,12.0,10.0,83.3,83.4,678,60,75,Humide,0,لا - لا حاجة للسقي,NON - Sol trop humide / لا - التربة رطبة جداً,Sol saturé (83.4% > 75%) - Risque sur-irrigation,2.5,10,3
Oignon,Hiver,12,2,4,13.1,11.7,70.6,66.6,1369,60,75,Optimal,0,لا - لا حاجة للسقي,NON - Sol optimal / لا - التربة مثالية,Humidité optimale (60% ≤ 66.6% ≤ 75%) - Pas d'irrigation,2.5,10,3
Oignon,Hiver,12,2,5,12.2,11.1,79.9,74.9,1026,60,75,Optimal,0,لا - لا حاجة للسقي,NON - Sol optimal / لا - التربة مثالية,Humidité optimale (60% ≤ 74.9% ≤ 75%) - Pas d'irrigation,2.5,10,3
Oignon,Hiver,12,2,6,10.3,7.8,72.1,61.9,1561,60,75,Optimal,0,لا - لا حاجة للسقي,NON - Sol optimal / لا - التربة مثالية,Humidité optimale (60% ≤ 61.9% ≤ 75%) - Pas d'irrigation,2.5,10,3
Oignon,Hiver,12,2,7,13.1,11.1,83.8,70.9,1192,60,75,Optimal,0,لا - لا حاجة للسقي,NON - Sol optimal / لا - التربة مثالية,Humidité optimale (60% ≤ 70.9% ≤ 75%) - Pas d'irrigation,2.5,10,3
Oignon,Hiver,12,2,8,9.7,7.1,86.0,77.4,926,60,75,Humide,0,لا - لا حاجة للسقي,NON - Sol trop humide / لا - التربة رطبة جداً,Sol saturé (77.4% > 75%) - Risque sur-irrigation,2.5,10,3
Oignon,Hiver,12,2,9,9.9,7.7,77.2,62.3,1544,60,75,Optimal,0,لا - لا حاجة للسقي,NON - Sol optimal / لا - التربة مثالية,Humidité optimale (60% ≤ 62.3% ≤ 75%) - Pas d'irrigation,2.5,10,3
Oignon,Hiver,12,2,10,14.4,13.1,89.0,71.2,1181,60,75,Optimal,0,لا - لا حاجة للسقي,NON - Sol optimal / لا - التربة مثالية,Humidité optimale (60% ≤ 71.2% ≤ 75%) - Pas d'irrigation,2.5,10,3
Oignon,Hiver,12,2,11,9.3,7.2,87.5,78.3,888,60,75,Humide,0,لا - لا حاجة للسقي,NON - Sol trop humide / لا - التربة رطبة جداً,Sol saturé (78.3% > 75%) - Risque sur-irrigation,2.5,10,3
Oignon,Hiver,12,2,12,13.6,11.3,83.8,81.2,768,60,75,Humide,0,لا - لا حاجة للسقي,NON - Sol trop humide / لا - التربة رطبة جداً,Sol saturé (81.2% > 75%) - Risque sur-irrigation,2.5,10,3
Oignon,Hiver,12,2,13,9.7,7.8,74.4,84.7,626,60,75,Humide,0,لا - لا حاجة للسقي,NON - Sol trop humide / لا - التربة رطبة جداً,Sol saturé (84.7% > 75%) - Risque sur-irrigation,2.5,10,3
Oignon,Hiver,12,2,14,14.6,13.5,84.1,83.1,690,60,75,Humide,0,لا - لا حاجة للسقي,NON - Sol trop humide / لا - التربة رطبة جداً,Sol saturé (83.1% > 75%) - Risque sur-irrigation,2.5,10,3
Oignon,Hiver,12,2,15,9.3,7.1,88.3,60.8,1603,60,75,Optimal,0,لا - لا حاجة للسقي,NON - Sol optimal / لا - التربة مثالية,Humidité optimale (60% ≤ 60.8% ≤ 75%) - Pas d'irrigation,2.5,10,3
Oignon,Hiver,12,2,16,12.9,11.3,88.5,84.3,643,60,75,Humide,0,لا - لا حاجة للسقي,NON - Sol trop humide / لا - التربة رطبة جداً,Sol saturé (84.3% > 75%) - Risque sur-irrigation,2.5,10,3
Oignon,Hiver,12,2,17,14.6,12.7,87.2,81.1,773,60,75,Humide,0,لا - لا حاجة للسقي,NON - Sol trop humide / لا - التربة رطبة جداً,Sol saturé (81.1% > 75%) - Risque sur-irrigation,2.5,10,3
Oignon,Hiver,12,2,18,10.2,7.6,70.7,74.9,1027,60,75,Optimal,0,لا - لا حاجة للسقي,NON - Sol optimal / لا - التربة مثالية,Humidité optimale (60% ≤ 74.9% ≤ 75%) - Pas d'irrigation,2.5,10,3
Oignon,Hiver,12,2,19,9.6,8.4,71.5,77.4,925,60,75,Humide,0,لا - لا حاجة للسقي,NON - Sol trop humide / لا - التربة رطبة جداً,Sol saturé (77.4% > 75%) - Risque sur-irrigation,2.5,10,3
Oignon,Hiver,12,2,20,10.4,7.9,71.3,67.9,1315,60,75,Optimal,0,لا - لا حاجة للسقي,NON - Sol optimal / لا - التربة مثالية,Humidité optimale (60% ≤ 67.9% ≤ 75%) - Pas d'irrigation,2.5,10,3
Oignon,Hiver,12,2,21,11.8,9.2,76.4,75.6,997,60,75,Humide,0,لا - لا حاجة للسقي,NON - Sol trop humide / لا - التربة رطبة جداً,Sol saturé (75.6% > 75%) - Risque sur-irrigation,2.5,10,3
Oignon,Hiver,12,2,22,14.2,12.0,74.7,60.6,1613,60,75,Optimal,0,لا - لا حاجة للسقي,NON - Sol optimal / لا - التربة مثالية,Humidité optimale (60% ≤ 60.6% ≤ 75%) - Pas d'irrigation,2.5,10,3
Oignon,Hiver,12,2,23,14.1,13.0,87.5,73.2,1096,60,75,Optimal,0,لا - لا حاجة للسقي,NON - Sol optimal / لا - التربة مثالية,Humidité optimale (60% ≤ 73.2% ≤ 75%) - Pas d'irrigation,2.5,10,3
Oignon,Hiver,12,2,24,14.6,12.0,90.0,68.8,1278,60,75,Optimal,0,لا - لا حاجة للسقي,NON - Sol optimal / لا - التربة مثالية,Humidité optimale (60% ≤ 68.8% ≤ 75%) - Pas d'irrigation,2.5,10,3
Oignon,Hiver,12,2,25,13.4,11.6,79.6,75.7,995,60,75,Humide,0,لا - لا حاجة للسقي,NON - Sol trop humide / لا - التربة رطبة جداً,Sol saturé (75.7% > 75%) - Risque sur-irrigation,2.5,10,3
Oignon,Hiver,12,2,26,14.1,11.1,85.4,70.4,1210,60,75,Optimal,0,لا - لا حاجة للسقي,NON - Sol optimal / لا - التربة مثالية,Humidité optimale (60% ≤ 70.4% ≤ 75%) - Pas d'irrigation,2.5,10,3
Oignon,Hiver,12,2,27,10.9,8.5,74.8,62.8,1524,60,75,Optimal,0,لا - لا حاجة للسقي,NON - Sol optimal / لا - التربة مثالية,Humidité optimale (60% ≤ 62.8% ≤ 75%) - Pas d'irrigation,2.5,10,3
Oignon,Hiver,12,2,28,10.5,8.9,75.9,65.8,1398,60,75,Optimal,0,لا - لا حاجة للسقي,NON - Sol optimal / لا - التربة مثالية,Humidité optimale (60% ≤ 65.8% ≤ 75%) - Pas d'irrigation,2.5,10,3
Oignon,Hiver,12,2,29,8.3,7.3,89.8,70.7,1200,60,75,Optimal,0,لا - لا حاجة للسقي,NON - Sol optimal / لا - التربة مثالية,Humidité optimale (60% ≤ 70.7% ≤ 75%) - Pas d'irrigation,2.5,10,3
Oignon,Hiver,12,2,30,10.7,8.3,74.4,83.7,665,60,75,Humide,0,لا - لا حاجة للسقي,NON - Sol trop humide / لا - التربة رطبة جداً,Sol saturé (83.7% > 75%) - Risque sur-irrigation,2.5,10,3
Oignon,Printemps,3,5,1,19.9,18.7,68.4,72.0,1147,60,75,Optimal,0,لا - لا حاجة للسقي,NON - Sol optimal / لا - التربة مثالية,Humidité optimale (60% ≤ 72.0% ≤ 75%) - Pas d'irrigation,2.5,10,3
Oignon,Printemps,3,5,2,21.4,19.5,72.3,54.2,1876,60,75,Sec,1,نعم - يجب السقي,OUI - Irrigation NÉCESSAIRE / نعم - الري ضروري,Sol sec (54.2% < 60%) - Activation irrigation requise,2.5,10,3
Oignon,Printemps,3,5,3,21.9,20.4,78.9,66.2,1382,60,75,Optimal,0,لا - لا حاجة للسقي,NON - Sol optimal / لا - التربة مثالية,Humidité optimale (60% ≤ 66.2% ≤ 75%) - Pas d'irrigation,2.5,10,3
Oignon,Printemps,3,5,4,18.1,16.1,64.6,54.4,1866,60,75,Sec,1,نعم - يجب السقي,OUI - Irrigation NÉCESSAIRE / نعم - الري ضروري,Sol sec (54.4% < 60%) - Activation irrigation requise,2.5,10,3
Oignon,Printemps,3,5,5,14.2,12.8,75.6,58.8,1689,60,75,Sec,1,نعم - يجب السقي,OUI - Irrigation NÉCESSAIRE / نعم - الري ضروري,Sol sec (58.8% < 60%) - Activation irrigation requise,2.5,10,3
Oignon,Printemps,3,5,6,12.6,9.6,77.7,73.2,1097,60,75,Optimal,0,لا - لا حاجة للسقي,NON - Sol optimal / لا - التربة مثالية,Humidité optimale (60% ≤ 73.2% ≤ 75%) - Pas d'irrigation,2.5,10,3
Oignon,Printemps,3,5,7,21.9,20.6,67.9,69.0,1271,60,75,Optimal,0,لا - لا حاجة للسقي,NON - Sol optimal / لا - التربة مثالية,Humidité optimale (60% ≤ 69.0% ≤ 75%) - Pas d'irrigation,2.5,10,3
Oignon,Printemps,3,5,8,19.0,17.7,76.3,55.6,1817,60,75,Sec,1,نعم - يجب السقي,OUI - Irrigation NÉCESSAIRE / نعم - الري ضروري,Sol sec (55.6% < 60%) - Activation irrigation requise,2.5,10,3
Oignon,Printemps,3,5,9,14.2,12.2,71.9,64.5,1453,60,75,Optimal,0,لا - لا حاجة للسقي,NON - Sol optimal / لا - التربة مثالية,Humidité optimale (60% ≤ 64.5% ≤ 75%) - Pas d'irrigation,2.5,10,3
Oignon,Printemps,3,5,10,12.9,10.2,65.3,53.2,1914,60,75,Sec,1,نعم - يجب السقي,OUI - Irrigation NÉCESSAIRE / نعم - الري ضروري,Sol sec (53.2% < 60%) - Activation irrigation requise,2.5,10,3
Oignon,Printemps,3,5,11,20.9,18.0,77.2,70.2,1218,60,75,Optimal,0,لا - لا حاجة للسقي,NON - Sol optimal / لا - التربة مثالية,Humidité optimale (60% ≤ 70.2% ≤ 75%) - Pas d'irrigation,2.5,10,3
Oignon,Printemps,3,5,12,18.6,16.5,61.7,60.2,1629,60,75,Optimal,0,لا - لا حاجة للسقي,NON - Sol optimal / لا - التربة مثالية,Humidité optimale (60% ≤ 60.2% ≤ 75%) - Pas d'irrigation,2.5,10,3
Oignon,Printemps,3,5,13,15.7,14.2,74.5,62.4,1539,60,75,Optimal,0,لا - لا حاجة للسقي,NON - Sol optimal / لا - التربة مثالية,Humidité optimale (60% ≤ 62.4% ≤ 75%) - Pas d'irrigation,2.5,10,3
Oignon,Printemps,3,5,14,12.8,11.4,73.7,51.9,1969,60,75,Sec,1,نعم - يجب السقي,OUI - Irrigation NÉCESSAIRE / نعم - الري ضروري,Sol sec (51.9% < 60%) - Activation irrigation requise,2.5,10,3
Oignon,Printemps,3,5,15,20.5,18.5,69.6,64.8,1441,60,75,Optimal,0,لا - لا حاجة للسقي,NON - Sol optimal / لا - التربة مثالية,Humidité optimale (60% ≤ 64.8% ≤ 75%) - Pas d'irrigation,2.5,10,3
Oignon,Printemps,3,5,16,20.2,18.6,73.6,64.1,1468,60,75,Optimal,0,لا - لا حاجة للسقي,NON - Sol optimal / لا - التربة مثالية,Humidité optimale (60% ≤ 64.1% ≤ 75%) - Pas d'irrigation,2.5,10,3
Oignon,Printemps,3,5,17,14.7,11.9,75.9,66.5,1373,60,75,Optimal,0,لا - لا حاجة للسقي,NON - Sol optimal / لا - التربة مثالية,Humidité optimale (60% ≤ 66.5% ≤ 75%) - Pas d'irrigation,2.5,10,3
Oignon,Printemps,3,5,18,20.5,17.8,74.2,70.9,1190,60,75,Optimal,0,لا - لا حاجة للسقي,NON - Sol optimal / لا - التربة مثالية,Humidité optimale (60% ≤ 70.9% ≤ 75%) - Pas d'irrigation,2.5,10,3
Oignon,Printemps,3,5,19,19.0,16.6,72.4,68.8,1276,60,75,Optimal,0,لا - لا حاجة للسقي,NON - Sol optimal / لا - التربة مثالية,Humidité optimale (60% ≤ 68.8% ≤ 75%) - Pas d'irrigation,2.5,10,3
Oignon,Printemps,3,5,20,13.6,10.8,77.4,50.7,2017,60,75,Sec,1,نعم - يجب السقي,OUI - Irrigation NÉCESSAIRE / نعم - الري ضروري,Sol sec (50.7% < 60%) - Activation irrigation requise,2.5,10,3
Oignon,Printemps,3,5,21,20.3,19.0,66.7,68.6,1286,60,75,Optimal,0,لا - لا حاجة للسقي,NON - Sol optimal / لا - التربة مثالية,Humidité optimale (60% ≤ 68.6% ≤ 75%) - Pas d'irrigation,2.5,10,3
Oignon,Printemps,3,5,22,13.6,11.0,76.6,62.7,1527,60,75,Optimal,0,لا - لا حاجة للسقي,NON - Sol optimal / لا - التربة مثالية,Humidité optimale (60% ≤ 62.7% ≤ 75%) - Pas d'irrigation,2.5,10,3
Oignon,Printemps,3,5,23,12.1,10.5,72.3,74.5,1043,60,75,Optimal,0,لا - لا حاجة للسقي,NON - Sol optimal / لا - التربة مثالية,Humidité optimale (60% ≤ 74.5% ≤ 75%) - Pas d'irrigation,2.5,10,3
Oignon,Printemps,3,5,24,18.3,16.8,72.7,63.5,1494,60,75,Optimal,0,لا - لا حاجة للسقي,NON - Sol optimal / لا - التربة مثالية,Humidité optimale (60% ≤ 63.5% ≤ 75%) - Pas d'irrigation,2.5,10,3
Oignon,Printemps,3,5,25,19.8,18.6,75.2,63.5,1493,60,75,Optimal,0,لا - لا حاجة للسقي,NON - Sol optimal / لا - التربة مثالية,Humidité optimale (60% ≤ 63.5% ≤ 75%) - Pas d'irrigation,2.5,10,3
Oignon,Printemps,3,5,26,21.6,19.9,72.7,73.3,1093,60,75,Optimal,0,لا - لا حاجة للسقي,NON - Sol optimal / لا - التربة مثالية,Humidité optimale (60% ≤ 73.3% ≤ 75%) - Pas d'irrigation,2.5,10,3
Oignon,Printemps,3,5,27,13.0,10.2,73.8,51.7,1978,60,75,Sec,1,نعم - يجب السقي,OUI - Irrigation NÉCESSAIRE / نعم - الري ضروري,Sol sec (51.7% < 60%) - Activation irrigation requise,2.5,10,3
Oignon,Printemps,3,5,28,15.0,12.6,61.3,64.6,1451,60,75,Optimal,0,لا - لا حاجة للسقي,NON - Sol optimal / لا - التربة مثالية,Humidité optimale (60% ≤ 64.6% ≤ 75%) - Pas d'irrigation,2.5,10,3
Oignon,Printemps,3,5,29,15.5,13.2,60.9,71.8,1155,60,75,Optimal,0,لا - لا حاجة للسقي,NON - Sol optimal / لا - التربة مثالية,Humidité optimale (60% ≤ 71.8% ≤ 75%) - Pas d'irrigation,2.5,10,3
Oignon,Printemps,3,5,30,21.7,18.8,75.0,53.3,1914,60,75,Sec,1,نعم - يجب السقي,OUI - Irrigation NÉCESSAIRE / نعم - الري ضروري,Sol sec (53.3% < 60%) - Activation irrigation requise,2.5,10,3
Oignon,Été,6,8,1,31.9,30.8,40.7,44.7,2264,60,75,Sec,1,نعم - يجب السقي,OUI - Irrigation NÉCESSAIRE / نعم - الري ضروري,Sol sec (44.7% < 60%) - Activation irrigation requise,4.0,18,2
Oignon,Été,6,8,2,28.4,25.8,60.5,48.4,2113,60,75,Sec,1,نعم - يجب السقي,OUI - Irrigation NÉCESSAIRE / نعم - الري ضروري,Sol sec (48.4% < 60%) - Activation irrigation requise,4.0,18,2
Oignon,Été,6,8,3,25.6,22.6,52.8,48.5,2107,60,75,Sec,1,نعم - يجب السقي,OUI - Irrigation NÉCESSAIRE / نعم - الري ضروري,Sol sec (48.5% < 60%) - Activation irrigation requise,4.0,18,2
Oignon,Été,6,8,4,24.1,21.5,60.8,41.6,2390,60,75,Sec,1,نعم - يجب السقي,OUI - Irrigation NÉCESSAIRE / نعم - الري ضروري,Sol sec (41.6% < 60%) - Activation irrigation requise,4.0,18,2
Oignon,Été,6,8,5,23.1,20.7,59.6,43.2,2326,60,75,Sec,1,نعم - يجب السقي,OUI - Irrigation NÉCESSAIRE / نعم - الري ضروري,Sol sec (43.2% < 60%) - Activation irrigation requise,4.0,18,2
Oignon,Été,6,8,6,34.4,33.1,53.0,63.3,1502,60,75,Optimal,0,لا - لا حاجة للسقي,NON - Sol optimal / لا - التربة مثالية,Humidité optimale (60% ≤ 63.3% ≤ 75%) - Pas d'irrigation,4.0,18,2
Oignon,Été,6,8,7,27.5,25.2,51.9,43.2,2324,60,75,Sec,1,نعم - يجب السقي,OUI - Irrigation NÉCESSAIRE / نعم - الري ضروري,Sol sec (43.2% < 60%) - Activation irrigation requise,4.0,18,2
Oignon,Été,6,8,8,34.8,33.0,66.8,41.9,2379,60,75,Sec,1,نعم - يجب السقي,OUI - Irrigation NÉCESSAIRE / نعم - الري ضروري,Sol sec (41.9% < 60%) - Activation irrigation requise,4.0,18,2
Oignon,Été,6,8,9,24.8,23.7,59.6,46.1,2209,60,75,Sec,1,نعم - يجب السقي,OUI - Irrigation NÉCESSAIRE / نعم - الري ضروري,Sol sec (46.1% < 60%) - Activation irrigation requise,4.0,18,2
Oignon,Été,6,8,10,33.2,31.3,69.0,40.6,2433,60,75,Sec,1,نعم - يجب السقي,OUI - Irrigation NÉCESSAIRE / نعم - الري ضروري,Sol sec (40.6% < 60%) - Activation irrigation requise,4.0,18,2
Oignon,Été,6,8,11,33.3,30.7,63.1,60.3,1623,60,75,Optimal,0,لا - لا حاجة للسقي,NON - Sol optimal / لا - التربة مثالية,Humidité optimale (60% ≤ 60.3% ≤ 75%) - Pas d'irrigation,4.0,18,2
Oignon,Été,6,8,12,31.9,29.6,43.9,36.0,2621,60,75,Sec,1,نعم - يجب السقي,OUI - Irrigation NÉCESSAIRE / نعم - الري ضروري,Sol sec (36.0% < 60%) - Activation irrigation requise,4.0,18,2
Oignon,Été,6,8,13,34.0,31.7,63.9,49.4,2070,60,75,Sec,1,نعم - يجب السقي,OUI - Irrigation NÉCESSAIRE / نعم - الري ضروري,Sol sec (49.4% < 60%) - Activation irrigation requise,4.0,18,2
Oignon,Été,6,8,14,23.5,22.3,60.6,47.9,2133,60,75,Sec,1,نعم - يجب السقي,OUI - Irrigation NÉCESSAIRE / نعم - الري ضروري,Sol sec (47.9% < 60%) - Activation irrigation requise,4.0,18,2
Oignon,Été,6,8,15,24.6,22.6,41.9,52.5,1946,60,75,Sec,1,نعم - يجب السقي,OUI - Irrigation NÉCESSAIRE / نعم - الري ضروري,Sol sec (52.5% < 60%) - Activation irrigation requise,4.0,18,2
Oignon,Été,6,8,16,25.5,22.9,49.3,48.7,2102,60,75,Sec,1,نعم - يجب السقي,OUI - Irrigation NÉCESSAIRE / نعم - الري ضروري,Sol sec (48.7% < 60%) - Activation irrigation requise,4.0,18,2
Oignon,Été,6,8,17,22.2,21.0,51.8,49.4,2072,60,75,Sec,1,نعم - يجب السقي,OUI - Irrigation NÉCESSAIRE / نعم - الري ضروري,Sol sec (49.4% < 60%) - Activation irrigation requise,4.0,18,2
Oignon,Été,6,8,18,29.8,28.2,60.8,60.8,1605,60,75,Optimal,0,لا - لا حاجة للسقي,NON - Sol optimal / لا - التربة مثالية,Humidité optimale (60% ≤ 60.8% ≤ 75%) - Pas d'irrigation,4.0,18,2
Oignon,Été,6,8,19,32.1,31.1,54.4,38.1,2532,60,75,Sec,1,نعم - يجب السقي,OUI - Irrigation NÉCESSAIRE / نعم - الري ضروري,Sol sec (38.1% < 60%) - Activation irrigation requise,4.0,18,2
Oignon,Été,6,8,20,25.1,22.2,44.3,50.0,2048,60,75,Sec,1,نعم - يجب السقي,OUI - Irrigation NÉCESSAIRE / نعم - الري ضروري,Sol sec (50.0% < 60%) - Activation irrigation requise,4.0,18,2
Oignon,Été,6,8,21,30.0,27.6,56.8,35.3,2649,60,75,Sec,1,نعم - يجب السقي,OUI - Irrigation NÉCESSAIRE / نعم - الري ضروري,Sol sec (35.3% < 60%) - Activation irrigation requise,4.0,18,2
Oignon,Été,6,8,22,26.2,24.2,42.6,45.5,2231,60,75,Sec,1,نعم - يجب السقي,OUI - Irrigation NÉCESSAIRE / نعم - الري ضروري,Sol sec (45.5% < 60%) - Activation irrigation requise,4.0,18,2
Oignon,Été,6,8,23,22.4,21.3,51.9,39.0,2498,60,75,Sec,1,نعم - يجب السقي,OUI - Irrigation NÉCESSAIRE / نعم - الري ضروري,Sol sec (39.0% < 60%) - Activation irrigation requise,4.0,18,2
Oignon,Été,6,8,24,29.4,27.0,64.0,41.0,2415,60,75,Sec,1,نعم - يجب السقي,OUI - Irrigation NÉCESSAIRE / نعم - الري ضروري,Sol sec (41.0% < 60%) - Activation irrigation requise,4.0,18,2
Oignon,Été,6,8,25,24.2,23.0,59.1,56.2,1793,60,75,Sec,1,نعم - يجب السقي,OUI - Irrigation NÉCESSAIRE / نعم - الري ضروري,Sol sec (56.2% < 60%) - Activation irrigation requise,4.0,18,2
Oignon,Été,6,8,26,22.4,19.5,41.6,51.2,1996,60,75,Sec,1,نعم - يجب السقي,OUI - Irrigation NÉCESSAIRE / نعم - الري ضروري,Sol sec (51.2% < 60%) - Activation irrigation requise,4.0,18,2
Oignon,Été,6,8,27,31.2,28.5,61.4,59.1,1676,60,75,Sec,1,نعم - يجب السقي,OUI - Irrigation NÉCESSAIRE / نعم - الري ضروري,Sol sec (59.1% < 60%) - Activation irrigation requise,4.0,18,2
Oignon,Été,6,8,28,26.4,23.8,42.4,61.8,1562,60,75,Optimal,0,لا - لا حاجة للسقي,NON - Sol optimal / لا - التربة مثالية,Humidité optimale (60% ≤ 61.8% ≤ 75%) - Pas d'irrigation,4.0,18,2
Oignon,Été,6,8,29,29.1,26.5,53.6,54.3,1871,60,75,Sec,1,نعم - يجب السقي,OUI - Irrigation NÉCESSAIRE / نعم - الري ضروري,Sol sec (54.3% < 60%) - Activation irrigation requise,4.0,18,2
Oignon,Été,6,8,30,28.8,26.4,42.4,36.8,2587,60,75,Sec,1,نعم - يجب السقي,OUI - Irrigation NÉCESSAIRE / نعم - الري ضروري,Sol sec (36.8% < 60%) - Activation irrigation requise,4.0,18,2
Oignon,Automne,9,11,1,12.5,11.2,87.4,65.5,1413,60,75,Optimal,0,لا - لا حاجة للسقي,NON - Sol optimal / لا - التربة مثالية,Humidité optimale (60% ≤ 65.5% ≤ 75%) - Pas d'irrigation,2.5,10,3
Oignon,Automne,9,11,2,19.8,18.1,73.6,79.7,829,60,75,Humide,0,لا - لا حاجة للسقي,NON - Sol trop humide / لا - التربة رطبة جداً,Sol saturé (79.7% > 75%) - Risque sur-irrigation,2.5,10,3
Oignon,Automne,9,11,3,16.6,14.6,81.1,78.0,901,60,75,Humide,0,لا - لا حاجة للسقي,NON - Sol trop humide / لا - التربة رطبة جداً,Sol saturé (78.0% > 75%) - Risque sur-irrigation,2.5,10,3
Oignon,Automne,9,11,4,12.3,9.3,89.5,76.3,972,60,75,Humide,0,لا - لا حاجة للسقي,NON - Sol trop humide / لا - التربة رطبة جداً,Sol saturé (76.3% > 75%) - Risque sur-irrigation,2.5,10,3
Oignon,Automne,9,11,5,12.0,9.6,71.4,60.8,1606,60,75,Optimal,0,لا - لا حاجة للسقي,NON - Sol optimal / لا - التربة مثالية,Humidité optimale (60% ≤ 60.8% ≤ 75%) - Pas d'irrigation,2.5,10,3
Oignon,Automne,9,11,6,12.6,10.7,87.4,78.2,893,60,75,Humide,0,لا - لا حاجة للسقي,NON - Sol trop humide / لا - التربة رطبة جداً,Sol saturé (78.2% > 75%) - Risque sur-irrigation,2.5,10,3
Oignon,Automne,9,11,7,17.4,15.6,76.9,69.3,1258,60,75,Optimal,0,لا - لا حاجة للسقي,NON - Sol optimal / لا - التربة مثالية,Humidité optimale (60% ≤ 69.3% ≤ 75%) - Pas d'irrigation,2.5,10,3
Oignon,Automne,9,11,8,19.9,18.8,87.3,74.5,1045,60,75,Optimal,0,لا - لا حاجة للسقي,NON - Sol optimal / لا - التربة مثالية,Humidité optimale (60% ≤ 74.5% ≤ 75%) - Pas d'irrigation,2.5,10,3
Oignon,Automne,9,11,9,14.4,11.9,79.7,81.8,743,60,75,Humide,0,لا - لا حاجة للسقي,NON - Sol trop humide / لا - التربة رطبة جداً,Sol saturé (81.8% > 75%) - Risque sur-irrigation,2.5,10,3
Oignon,Automne,9,11,10,19.0,17.2,75.5,74.8,1031,60,75,Optimal,0,لا - لا حاجة للسقي,NON - Sol optimal / لا - التربة مثالية,Humidité optimale (60% ≤ 74.8% ≤ 75%) - Pas d'irrigation,2.5,10,3
Oignon,Automne,9,11,11,19.1,17.7,82.5,75.8,991,60,75,Humide,0,لا - لا حاجة للسقي,NON - Sol trop humide / لا - التربة رطبة جداً,Sol saturé (75.8% > 75%) - Risque sur-irrigation,2.5,10,3
Oignon,Automne,9,11,12,17.3,16.1,84.3,82.7,707,60,75,Humide,0,لا - لا حاجة للسقي,NON - Sol trop humide / لا - التربة رطبة جداً,Sol saturé (82.7% > 75%) - Risque sur-irrigation,2.5,10,3
Oignon,Automne,9,11,13,11.8,10.3,89.4,64.5,1452,60,75,Optimal,0,لا - لا حاجة للسقي,NON - Sol optimal / لا - التربة مثالية,Humidité optimale (60% ≤ 64.5% ≤ 75%) - Pas d'irrigation,2.5,10,3
Oignon,Automne,9,11,14,18.5,16.6,74.9,81.8,746,60,75,Humide,0,لا - لا حاجة للسقي,NON - Sol trop humide / لا - التربة رطبة جداً,Sol saturé (81.8% > 75%) - Risque sur-irrigation,2.5,10,3
Oignon,Automne,9,11,15,14.5,12.4,77.2,74.8,1030,60,75,Optimal,0,لا - لا حاجة للسقي,NON - Sol optimal / لا - التربة مثالية,Humidité optimale (60% ≤ 74.8% ≤ 75%) - Pas d'irrigation,2.5,10,3
Oignon,Automne,9,11,16,11.6,9.9,89.4,66.5,1373,60,75,Optimal,0,لا - لا حاجة للسقي,NON - Sol optimal / لا - التربة مثالية,Humidité optimale (60% ≤ 66.5% ≤ 75%) - Pas d'irrigation,2.5,10,3
Oignon,Automne,9,11,17,16.6,14.9,85.5,63.3,1504,60,75,Optimal,0,لا - لا حاجة للسقي,NON - Sol optimal / لا - التربة مثالية,Humidité optimale (60% ≤ 63.3% ≤ 75%) - Pas d'irrigation,2.5,10,3
Oignon,Automne,9,11,18,19.7,17.8,74.7,61.8,1562,60,75,Optimal,0,لا - لا حاجة للسقي,NON - Sol optimal / لا - التربة مثالية,Humidité optimale (60% ≤ 61.8% ≤ 75%) - Pas d'irrigation,2.5,10,3
Oignon,Automne,9,11,19,11.7,9.7,76.7,80.7,789,60,75,Humide,0,لا - لا حاجة للسقي,NON - Sol trop humide / لا - التربة رطبة جداً,Sol saturé (80.7% > 75%) - Risque sur-irrigation,2.5,10,3
Oignon,Automne,9,11,20,14.3,12.8,82.3,77.7,914,60,75,Humide,0,لا - لا حاجة للسقي,NON - Sol trop humide / لا - التربة رطبة جداً,Sol saturé (77.7% > 75%) - Risque sur-irrigation,2.5,10,3
Oignon,Automne,9,11,21,11.7,10.3,70.7,78.4,884,60,75,Humide,0,لا - لا حاجة للسقي,NON - Sol trop humide / لا - التربة رطبة جداً,Sol saturé (78.4% > 75%) - Risque sur-irrigation,2.5,10,3
Oignon,Automne,9,11,22,16.6,14.7,86.9,80.1,813,60,75,Humide,0,لا - لا حاجة للسقي,NON - Sol trop humide / لا - التربة رطبة جداً,Sol saturé (80.1% > 75%) - Risque sur-irrigation,2.5,10,3
Oignon,Automne,9,11,23,15.9,13.1,74.1,62.8,1523,60,75,Optimal,0,لا - لا حاجة للسقي,NON - Sol optimal / لا - التربة مثالية,Humidité optimale (60% ≤ 62.8% ≤ 75%) - Pas d'irrigation,2.5,10,3
Oignon,Automne,9,11,24,12.7,11.6,80.6,83.4,679,60,75,Humide,0,لا - لا حاجة للسقي,NON - Sol trop humide / لا - التربة رطبة جداً,Sol saturé (83.4% > 75%) - Risque sur-irrigation,2.5,10,3
Oignon,Automne,9,11,25,10.4,9.1,79.0,83.3,681,60,75,Humide,0,لا - لا حاجة للسقي,NON - Sol trop humide / لا - التربة رطبة جداً,Sol saturé (83.3% > 75%) - Risque sur-irrigation,2.5,10,3
Oignon,Automne,9,11,26,13.2,11.1,70.8,63.7,1486,60,75,Optimal,0,لا - لا حاجة للسقي,NON - Sol optimal / لا - التربة مثالية,Humidité optimale (60% ≤ 63.7% ≤ 75%) - Pas d'irrigation,2.5,10,3
Oignon,Automne,9,11,27,19.9,16.9,70.1,83.8,663,60,75,Humide,0,لا - لا حاجة للسقي,NON - Sol trop humide / لا - التربة رطبة جداً,Sol saturé (83.8% > 75%) - Risque sur-irrigation,2.5,10,3
Oignon,Automne,9,11,28,16.4,13.7,79.1,72.9,1110,60,75,Optimal,0,لا - لا حاجة للسقي,NON - Sol optimal / لا - التربة مثالية,Humidité optimale (60% ≤ 72.9% ≤ 75%) - Pas d'irrigation,2.5,10,3
Oignon,Automne,9,11,29,14.9,12.6,72.8,60.7,1607,60,75,Optimal,0,لا - لا حاجة للسقي,NON - Sol optimal / لا - التربة مثالية,Humidité optimale (60% ≤ 60.7% ≤ 75%) - Pas d'irrigation,2.5,10,3
Oignon,Automne,9,11,30,13.1,10.7,74.0,76.8,948,60,75,Humide,0,لا - لا حاجة للسقي,NON - Sol trop humide / لا - التربة رطبة جداً,Sol saturé (76.8% > 75%) - Risque sur-irrigation,2.5,10,3
